version,uploadedAt,filename,archiveSize,sizeDelta,mapSize,variants,attributes,extraDependencies,stringTable,screenshots,howToPlay
0.1,2014-08-11T12:45:04.000Z,Project_Bang_01.SC2Map,11104338,0,32x32,2,0,Swarm(Camp)|9,f515d8225509fc7073f742640eda92ecf92616155b59bf6a4e760faec38165b0,0,1
0.2,2014-08-11T12:45:54.000Z,Project_Bang_01.SC2Map,8183966,-2920372,32x32,2,0,Swarm(Camp)|9,f515d8225509fc7073f742640eda92ecf92616155b59bf6a4e760faec38165b0,0,1
0.3,2014-08-11T14:20:33.000Z,Project_Bang_01.SC2Map,8183989,23,32x32,2,0,Swarm(Camp)|9,f515d8225509fc7073f742640eda92ecf92616155b59bf6a4e760faec38165b0,0,1
0.4,2014-08-12T06:27:05.000Z,Project_Bang_01.SC2Map,8641676,457687,32x32,2,0,Swarm(Camp)|9,6eb3e7ef0bec26b8b917787adccd722e996118d39293c9ae48cacba868ba4d5b,0,1
0.5,2014-08-12T08:16:34.000Z,Project_Bang_01.SC2Map,8641740,64,32x32,2,0,Swarm(Camp)|9,d546ae6754d5dfd2da24af3912a5da528d77ec8ed5e2d04a88f4bdbaa7c3fd89,0,1
0.6,2014-08-12T17:46:33.000Z,Project_Bang_01.SC2Map,8641915,175,32x32,2,0,Swarm(Camp)|9,cc3f0ceb448847cd9e9354e22bc290b588f41ce5c99b523ceebb0aa526c3015f,0,1
0.7,2014-08-12T19:03:22.000Z,Project_Bang_01.SC2Map,8642022,107,32x32,2,0,Swarm(Camp)|9,cc3f0ceb448847cd9e9354e22bc290b588f41ce5c99b523ceebb0aa526c3015f,0,1
0.8,2014-08-13T06:49:52.000Z,Project_Bang_02.SC2Map,8671519,29497,32x32,2,0,Swarm(Camp)|9,1d063ce179c864ca73113a6a4f8397a4fd57ee996ce69f44354a27f2a62eb0d6,0,1
0.9,2014-08-13T07:24:00.000Z,Project_Bang_02.SC2Map,8671295,-224,32x32,2,0,Swarm(Camp)|9,1d063ce179c864ca73113a6a4f8397a4fd57ee996ce69f44354a27f2a62eb0d6,0,1
0.10,2014-08-13T07:50:06.000Z,Project_Bang_02.SC2Map,8671501,206,32x32,2,0,Swarm(Camp)|9,1d063ce179c864ca73113a6a4f8397a4fd57ee996ce69f44354a27f2a62eb0d6,0,1
0.11,2014-08-13T13:59:54.000Z,Project_Bang_02.SC2Map,8671498,-3,32x32,2,0,Swarm(Camp)|9,1d063ce179c864ca73113a6a4f8397a4fd57ee996ce69f44354a27f2a62eb0d6,0,1
0.12,2014-08-14T13:53:14.000Z,Project_Bang_02.SC2Map,16222893,7551395,32x32,2,0,Swarm(Camp)|9,d5d88a5272c5c43ce1ed1fe613fceaf240f5d03d74f52ea8499ffd0cdfa061c0,0,1
0.13,2014-08-14T13:58:08.000Z,Project_Bang_02.SC2Map,16223334,441,32x32,2,0,Swarm(Camp)|9,82fc4633447f0c3c1f64edc4337899be0d39c70fc450eeba8bbb384d8e2abd4d,0,1
0.14,2014-08-14T14:56:45.000Z,Project_Bang_02.SC2Map,16223004,-330,32x32,2,0,Swarm(Camp)|9,82fc4633447f0c3c1f64edc4337899be0d39c70fc450eeba8bbb384d8e2abd4d,0,1
0.15,2014-08-14T15:23:50.000Z,Project_Bang_02.SC2Map,16223268,264,32x32,2,0,Swarm(Camp)|9,82fc4633447f0c3c1f64edc4337899be0d39c70fc450eeba8bbb384d8e2abd4d,0,1
0.16,2014-08-14T15:42:59.000Z,Project_Bang_02.SC2Map,16223210,-58,32x32,2,0,Swarm(Camp)|9,82fc4633447f0c3c1f64edc4337899be0d39c70fc450eeba8bbb384d8e2abd4d,0,1
0.17,2014-08-16T08:45:46.000Z,Project_Bang_02.SC2Map,16230580,7370,32x32,2,0,Swarm(Camp)|9,5cd32a53456ce6bb4217c1795dd05f1e67c2d8ad18155674ca274b3acc69c7ee,0,1
0.18,2014-08-16T08:50:35.000Z,Project_Bang_02.SC2Map,16230589,9,32x32,2,0,Swarm(Camp)|9,9a9b507592b0d0c0f19b26103a639604ac4cb979c8afb11adf6b48a6134802ac,0,1
0.19,2014-08-16T13:23:14.000Z,Project_Bang_02.SC2Map,16230596,7,32x32,2,0,Swarm(Camp)|9,85159f7a80ea4feeeea3d85384684f2edc2b3d978dc756f3c472d7c140f8e320,0,1
0.20,2014-08-17T06:13:16.000Z,Project_Bang_02.SC2Map,20188365,3957769,32x32,2,0,Swarm(Camp)|9,99278ea15d7f641e2f34bcbca706fd6092fa8c547ff19f80fff90499321c647f,1,1
0.21,2014-08-17T06:41:52.000Z,Project_Bang_02.SC2Map,20188417,52,32x32,2,0,Swarm(Camp)|9,99278ea15d7f641e2f34bcbca706fd6092fa8c547ff19f80fff90499321c647f,1,1
0.22,2014-08-17T07:10:25.000Z,Project_Bang_02.SC2Map,20188433,16,32x32,2,0,Swarm(Camp)|9,99278ea15d7f641e2f34bcbca706fd6092fa8c547ff19f80fff90499321c647f,1,1
0.23,2014-08-17T10:21:46.000Z,Project_Bang_02.SC2Map,20188384,-49,32x32,2,0,Swarm(Camp)|9,99278ea15d7f641e2f34bcbca706fd6092fa8c547ff19f80fff90499321c647f,1,1
0.24,2014-08-18T06:01:58.000Z,Project_Bang_02.SC2Map,20188505,121,32x32,2,0,Swarm(Camp)|9,2b3fb31a0a7393c87bf7c199d98d0b5c1117c8df3b5c3e9aabfe3e906bb1ad5a,1,1
0.25,2014-08-19T05:03:00.000Z,Project_Bang_03.SC2Map,20191688,3183,32x32,2,0,Swarm(Camp)|9,a52f783073d94cd1974952e1300681434c2966a202602e69cbb21ca7a5a99d71,1,1
0.26,2014-08-19T05:06:39.000Z,Project_Bang_03.SC2Map,20191402,-286,32x32,2,0,Swarm(Camp)|9,a52f783073d94cd1974952e1300681434c2966a202602e69cbb21ca7a5a99d71,1,1
0.27,2014-08-19T08:26:03.000Z,Project_Bang_03.SC2Map,20191696,294,32x32,2,0,Swarm(Camp)|9,c84be79c00127e23b8d1716f586fc598529c0b539a8ddbb94fdbed3b2947ab54,1,1
0.28,2014-08-20T08:34:58.000Z,Project_Bang_03.SC2Map,20170643,-21053,32x32,2,0,Swarm(Camp)|9,dec05adb1c2467ea125016c7469204514522b9b69bdc19643d958431e5a25854,1,1
0.29,2014-08-20T09:27:30.000Z,Project_Bang_03.SC2Map,20170897,254,32x32,2,0,Swarm(Camp)|9,3faa82fa2cd56a7563dfe2b21a97c4cb444c46cb22c8d4bc4c4e77328cb25f60,1,1
0.30,2014-08-20T10:17:54.000Z,Project_Bang_03.SC2Map,20171144,247,32x32,2,0,Swarm(Camp)|9,aa91dd086f30411a362c45b13a31bf31b8be78a5ca689310e02f140608b66155,1,1
0.31,2014-08-20T11:47:39.000Z,Project_Bang_03.SC2Map,20171291,147,32x32,2,0,Swarm(Camp)|9,9f1ff5c8d777f485e1d42c145ac6d56af156cc28552699524d59511d9b5bedb0,1,1
0.32,2014-08-20T12:50:20.000Z,Project_Bang_03.SC2Map,20171235,-56,32x32,2,0,Swarm(Camp)|9,b4140c6e272228d6d8ae179ebb3bf7ec06249683146691661ccde284a23dca8a,1,1
0.33,2014-08-21T23:00:49.000Z,Project_Bang_03.SC2Map,20171561,326,32x32,2,0,Swarm(Camp)|9,b4140c6e272228d6d8ae179ebb3bf7ec06249683146691661ccde284a23dca8a,1,1
0.34,2014-08-21T23:04:17.000Z,Project_Bang_03.SC2Map,20171528,-33,32x32,2,0,Swarm(Camp)|9,b4140c6e272228d6d8ae179ebb3bf7ec06249683146691661ccde284a23dca8a,1,1
0.35,2014-08-22T03:03:45.000Z,Project_Bang_03.SC2Map,20171526,-2,32x32,2,0,Swarm(Camp)|9,b4140c6e272228d6d8ae179ebb3bf7ec06249683146691661ccde284a23dca8a,1,1
0.36,2014-08-22T07:39:28.000Z,Project_Bang_04.SC2Map,20173321,1795,32x32,2,0,Swarm(Camp)|9,5e66bfaddda1a12832200626319f11032bdf962d5f396ca9123b019d9e43933f,1,1
0.37,2014-08-22T07:44:58.000Z,Project_Bang_04.SC2Map,20173412,91,32x32,2,0,Swarm(Camp)|9,6e66041a5fe664f44a05fdddc7ad98efa1dd222d4bdf32fb4ab70032c5ccbf04,1,1
0.38,2014-08-22T08:11:07.000Z,Project_Bang_04.SC2Map,20173461,49,32x32,2,0,Swarm(Camp)|9,0b7dc080b920fbe157e45aaaae608cd7f8c7ee2f91fed440ebe547b88e7ab547,1,1
0.39,2014-08-22T08:52:50.000Z,Project_Bang_04.SC2Map,20173456,-5,32x32,2,0,Swarm(Camp)|9,d8f9b40a66643942257cea376c83a2db4b4a0994f31e38d87b5448510b35db48,1,1
0.40,2014-08-25T11:55:52.000Z,Project_Bang_04.SC2Map,21502930,1329474,32x32,2,0,Swarm(Camp)|9,c77aaf60eca66a19f7877345ec7d8250657aea5c7b0245fa0691be45763b0e55,1,1
0.41,2014-08-25T12:17:48.000Z,Project_Bang_04.SC2Map,21502937,7,32x32,2,0,Swarm(Camp)|9,c12724954c50def0993ff4674d6437be7d8ba2d0a1c12dd3646f1baa09ecea7e,1,1
0.42,2014-08-27T12:05:34.000Z,Project_Bang_05.SC2Map,21548221,45284,32x32,2,0,Swarm(Camp)|9,db1f19f6ce24cae6db5b4b67222555c87a84c5391782317b284ee3c69d3c0910,1,1
0.43,2014-08-28T09:45:41.000Z,Project_Bang_05.SC2Map,23438601,1890380,32x32,2,0,Swarm(Camp)|9,2d8e0a7fab49af2312199cf669dffd7287062a2a5317fed3ba7865090c2e16a0,1,1
0.44,2014-08-28T14:54:57.000Z,Project_Bang_05.SC2Map,23438600,-1,32x32,2,0,Swarm(Camp)|9,2d8e0a7fab49af2312199cf669dffd7287062a2a5317fed3ba7865090c2e16a0,1,1
0.45,2014-08-28T18:33:03.000Z,Project_Bang_05.SC2Map,23438971,371,32x32,2,0,Swarm(Camp)|9,5e3416ee9e010bde87200f7ec7847fe22c78b9fbd79cda443c154cccfe7f53a9,1,1
0.46,2014-08-31T13:55:11.000Z,Project_Bang_08.SC2Map,23525953,86982,32x32,2,0,Swarm(Camp)|9,e583f5398c695756f398a1484fa8d8c4f620a022832989e8b0953d1ea086e879,1,1
0.47,2014-08-31T14:31:14.000Z,Project_Bang_08.SC2Map,23525951,-2,32x32,2,0,Swarm(Camp)|9,72f680174472758aeb2f3d730be295a70a25dfcf03f6aedaf723ef2604b5f7ad,1,1
0.48,2014-08-31T14:32:35.000Z,Project_Bang_08.SC2Map,23560124,34173,32x32,2,0,Swarm(Camp)|9,5d805407df5edb2460a5b72daa5ebd07e811468f594d2d0aadc532b54294c02a,1,1
0.49,2014-08-31T15:29:05.000Z,Project_Bang_08.SC2Map,23560355,231,32x32,2,0,Swarm(Camp)|9,5d805407df5edb2460a5b72daa5ebd07e811468f594d2d0aadc532b54294c02a,1,1
0.50,2014-08-31T17:10:44.000Z,Project_Bang_08.SC2Map,23560237,-118,32x32,2,0,Swarm(Camp)|9,5d805407df5edb2460a5b72daa5ebd07e811468f594d2d0aadc532b54294c02a,1,1
0.51,2014-08-31T18:21:11.000Z,Project_Bang_08.SC2Map,23560416,179,32x32,2,0,Swarm(Camp)|9,0539093eada9128a1d3d5ba2442f47d702236c42a4c90fe93cd3c8edd42755b2,1,1
0.52,2014-09-01T09:50:46.000Z,Project_Bang_08.SC2Map,23560516,100,32x32,2,0,Swarm(Camp)|9,1885054d8c708b1e3590c2fb6effc4c0d761dd8034cc1294a35f1d143a500c22,1,1
0.53,2014-09-01T11:20:34.000Z,Project_Bang_09.SC2Map,24507425,946909,32x32,2,0,Swarm(Camp)|9,29713cd60b352ba1b98400e7b208de560a19621f36d4b439328a73bd45c89cd1,1,1
0.54,2014-09-01T11:27:41.000Z,Project_Bang_09.SC2Map,24508112,687,32x32,2,0,Swarm(Camp)|9,8be8734cfb5c3dfcc75fb3f9a31a0fda1a1c7fa0a8941289a58f34b3640ce50b,1,1
0.55,2014-09-02T13:20:57.000Z,Project_Bang_11.SC2Map,26136841,1628729,32x32,2,0,Swarm(Camp)|9,6af8ee0fdb3ca60c84c3f5044f04416cc2d240e872a3194fcf91d27ffe056724,1,1
0.56,2014-09-02T13:24:13.000Z,Project_Bang_11.SC2Map,26136788,-53,32x32,2,0,Swarm(Camp)|9,6af8ee0fdb3ca60c84c3f5044f04416cc2d240e872a3194fcf91d27ffe056724,1,1
0.57,2014-09-02T13:45:21.000Z,Project_Bang_11.SC2Map,26136912,124,32x32,2,0,Swarm(Camp)|9,53f480f73a845f590f0692045a78281b8bd2e82ec0f309b26b3ace7402e89237,1,1
0.58,2014-09-02T14:18:17.000Z,Project_Bang_11.SC2Map,26136568,-344,32x32,2,0,Swarm(Camp)|9,f4bbd541181e1b6173d4930fb8e17889b92e25e1fed0e4f074d9c4a63aaf5707,1,1
0.59,2014-09-03T09:06:18.000Z,Project_Bang_11.SC2Map,26136901,333,32x32,2,0,Swarm(Camp)|9,f4bbd541181e1b6173d4930fb8e17889b92e25e1fed0e4f074d9c4a63aaf5707,1,1
0.60,2014-09-05T14:00:46.000Z,Project_Bang_11.SC2Map,26143886,6985,32x32,2,0,Swarm(Camp)|9,2f8a91f0dcbd18ebefe558325523605712d092d06c3ce036392e029f0408392d,1,1
0.61,2014-09-07T04:57:58.000Z,Project_Bang_11.SC2Map,26145422,1536,32x32,2,0,Swarm(Camp)|9,9c3437f0fd789e01b56ad9f765fb9108ce729a44167af5fa471c00deeb3b89f0,1,1
0.62,2014-09-07T05:17:40.000Z,Project_Bang_11.SC2Map,26147709,2287,32x32,2,0,Swarm(Camp)|9,b3fbcb244e5de9d78766f833966f03586f59651901af1eb4a45f78fab61587af,1,1
0.63,2014-09-22T11:42:21.000Z,Project_Bang_13.SC2Map,28502656,2354947,32x32,2,0,Swarm(Camp)|9,1b3230211110caf13dd4153830093b3b55a84d5912967a0fd59f1f122d73392f,1,1
0.64,2014-09-22T13:14:18.000Z,Project_Bang_13.SC2Map,28502928,272,32x32,2,0,Swarm(Camp)|9,1a106064c6da950ad4206dbf0228e3ee7a0679723ec01bd96e9e4e523b6ff114,1,1
0.65,2014-09-23T10:53:33.000Z,Project_Bang_13.SC2Map,28503008,80,32x32,2,0,Swarm(Camp)|9,d545dc12ce8c605b885748642509d85aba0ad8d9cbc840736bc8a4b303aeb6d4,1,1
0.66,2014-09-25T11:04:39.000Z,Project_Bang_15.SC2Map,28506899,3891,32x32,2,0,Swarm(Camp)|9,b9eb0a041010f91991462080fd35770d4dd525eee9cd435d6152f144603be126,1,1
0.67,2014-09-25T11:23:23.000Z,Project_Bang_13.SC2Map,28502988,-3911,32x32,2,0,Swarm(Camp)|9,d545dc12ce8c605b885748642509d85aba0ad8d9cbc840736bc8a4b303aeb6d4,1,1
0.68,2014-09-26T09:14:43.000Z,Project_Bang_15.SC2Map,28506966,3978,32x32,2,0,Swarm(Camp)|9,b9eb0a041010f91991462080fd35770d4dd525eee9cd435d6152f144603be126,1,1
0.69,2014-09-26T09:55:41.000Z,Project_Bang_15.SC2Map,28506826,-140,32x32,2,0,Swarm(Camp)|9,b9eb0a041010f91991462080fd35770d4dd525eee9cd435d6152f144603be126,1,1
0.70,2014-09-26T10:35:31.000Z,Project_Bang_15.SC2Map,28507048,222,32x32,2,0,Swarm(Camp)|9,bea5b01b7fd34017f806bd4d7db1d3a0c4d36e88f56d954d1dcbd842e020e16d,1,1
0.71,2014-09-26T11:16:48.000Z,Project_Bang_15.SC2Map,28507234,186,32x32,2,0,Swarm(Camp)|9,39b45345200b55dfbe0d14ff6234e610c339c873805d043d028e791e0acbd544,1,1
0.72,2014-09-26T11:22:13.000Z,Project_Bang_15.SC2Map,28507176,-58,32x32,2,0,Swarm(Camp)|9,39b45345200b55dfbe0d14ff6234e610c339c873805d043d028e791e0acbd544,1,1
0.73,2014-09-26T12:05:11.000Z,Project_Bang_15.SC2Map,28507591,415,32x32,2,0,Swarm(Camp)|9,39b45345200b55dfbe0d14ff6234e610c339c873805d043d028e791e0acbd544,1,1
0.74,2014-09-26T12:24:47.000Z,Project_Bang_15.SC2Map,28507670,79,32x32,2,0,Swarm(Camp)|9,39b45345200b55dfbe0d14ff6234e610c339c873805d043d028e791e0acbd544,1,1
0.75,2014-09-26T12:41:03.000Z,Project_Bang_15.SC2Map,28507349,-321,32x32,2,0,Swarm(Camp)|9,39b45345200b55dfbe0d14ff6234e610c339c873805d043d028e791e0acbd544,1,1
0.76,2014-09-26T13:10:40.000Z,Project_Bang_15.SC2Map,28507548,199,32x32,2,0,Swarm(Camp)|9,39b45345200b55dfbe0d14ff6234e610c339c873805d043d028e791e0acbd544,1,1
0.77,2014-09-26T13:19:27.000Z,Project_Bang_15.SC2Map,28507617,69,32x32,2,0,Swarm(Camp)|9,39b45345200b55dfbe0d14ff6234e610c339c873805d043d028e791e0acbd544,1,1
0.78,2014-09-26T13:34:44.000Z,Project_Bang_13.SC2Map,28503016,-4601,32x32,2,0,Swarm(Camp)|9,d545dc12ce8c605b885748642509d85aba0ad8d9cbc840736bc8a4b303aeb6d4,1,1
0.79,2014-09-27T07:38:38.000Z,Project_Bang_15.SC2Map,28507937,4921,32x32,2,0,Swarm(Camp)|9,39b45345200b55dfbe0d14ff6234e610c339c873805d043d028e791e0acbd544,1,1
0.80,2014-09-27T08:38:39.000Z,Project_Bang_15.SC2Map,28507405,-532,32x32,2,0,Swarm(Camp)|9,39b45345200b55dfbe0d14ff6234e610c339c873805d043d028e791e0acbd544,1,1
0.81,2014-09-27T09:17:16.000Z,Project_Bang_15.SC2Map,28508362,957,32x32,2,0,Swarm(Camp)|9,39b45345200b55dfbe0d14ff6234e610c339c873805d043d028e791e0acbd544,1,1
0.82,2014-09-27T10:07:04.000Z,Project_Bang_15.SC2Map,28508380,18,32x32,2,0,Swarm(Camp)|9,39b45345200b55dfbe0d14ff6234e610c339c873805d043d028e791e0acbd544,1,1
0.83,2014-09-27T10:08:49.000Z,Project_Bang_15.SC2Map,28507451,-929,32x32,2,0,Swarm(Camp)|9,39b45345200b55dfbe0d14ff6234e610c339c873805d043d028e791e0acbd544,1,1
0.84,2014-09-27T10:51:07.000Z,Project_Bang_15.SC2Map,28507339,-112,32x32,2,0,Swarm(Camp)|9,39b45345200b55dfbe0d14ff6234e610c339c873805d043d028e791e0acbd544,1,1
0.85,2014-09-27T11:51:39.000Z,Project_Bang_15.SC2Map,28507354,15,32x32,2,0,Swarm(Camp)|9,39b45345200b55dfbe0d14ff6234e610c339c873805d043d028e791e0acbd544,1,1
0.86,2014-09-27T12:29:43.000Z,Project_Bang_15.SC2Map,28507668,314,32x32,2,0,Swarm(Camp)|9,39b45345200b55dfbe0d14ff6234e610c339c873805d043d028e791e0acbd544,1,1
0.87,2014-09-27T13:12:08.000Z,Project_Bang_15.SC2Map,28508271,603,32x32,2,0,Swarm(Camp)|9,39b45345200b55dfbe0d14ff6234e610c339c873805d043d028e791e0acbd544,1,1
0.88,2014-09-27T13:36:35.000Z,Project_Bang_15.SC2Map,28508211,-60,32x32,2,0,Swarm(Camp)|9,39b45345200b55dfbe0d14ff6234e610c339c873805d043d028e791e0acbd544,1,1
0.89,2014-09-27T14:13:16.000Z,Project_Bang_15.SC2Map,28508343,132,32x32,2,0,Swarm(Camp)|9,39b45345200b55dfbe0d14ff6234e610c339c873805d043d028e791e0acbd544,1,1
0.90,2014-09-27T14:33:17.000Z,Project_Bang_15.SC2Map,28508597,254,32x32,2,0,Swarm(Camp)|9,39b45345200b55dfbe0d14ff6234e610c339c873805d043d028e791e0acbd544,1,1
0.91,2014-09-27T15:09:25.000Z,Project_Bang_15.SC2Map,28509141,544,32x32,2,0,Swarm(Camp)|9,39b45345200b55dfbe0d14ff6234e610c339c873805d043d028e791e0acbd544,1,1
0.92,2014-09-28T13:03:25.000Z,Project_Bang_15.SC2Map,28508406,-735,32x32,4,0,Swarm(Camp)|9,846c90677a3b45d6217447898ced10333cd9ac74f73c5556e5b23b3587805253,1,1
0.93,2014-09-28T13:09:44.000Z,Project_Bang_15.SC2Map,28508346,-60,32x32,4,0,Swarm(Camp)|9,846c90677a3b45d6217447898ced10333cd9ac74f73c5556e5b23b3587805253,1,1
0.94,2014-09-28T14:12:54.000Z,Project_Bang_15.SC2Map,28508347,1,32x32,4,0,Swarm(Camp)|9,846c90677a3b45d6217447898ced10333cd9ac74f73c5556e5b23b3587805253,1,1
0.95,2014-09-30T11:10:26.000Z,Project_Bang_15.SC2Map,28508803,456,32x32,2,0,Swarm(Camp)|9,4ed46ad820f4c9e322cfc91c82c749d0201368c53550b89472bc2ccbf1c5dca3,1,1
0.96,2014-09-30T15:50:34.000Z,Project_Bang_15.SC2Map,28509711,908,32x32,2,0,Swarm(Camp)|9,4ed46ad820f4c9e322cfc91c82c749d0201368c53550b89472bc2ccbf1c5dca3,1,1
0.97,2014-10-01T14:35:24.000Z,Project_Bang_15.SC2Map,28509476,-235,32x32,2,0,Swarm(Camp)|9,4ed46ad820f4c9e322cfc91c82c749d0201368c53550b89472bc2ccbf1c5dca3,1,1
0.98,2014-10-02T13:51:05.000Z,Project_Bang_15.SC2Map,28509153,-323,32x32,2,0,Swarm(Camp)|9,4ed46ad820f4c9e322cfc91c82c749d0201368c53550b89472bc2ccbf1c5dca3,1,1
0.99,2014-10-05T13:18:08.000Z,Project_Bang_16.SC2Map,31363645,2854492,32x32,2,0,Swarm(Camp)|9,c239e76577bbe74bd80c3fccb15cc7fc68510dbb053a58167495f4f4dad27c89,1,1
0.100,2014-10-05T14:13:51.000Z,Project_Bang_16.SC2Map,31364375,730,32x32,2,0,Swarm(Camp)|9,c239e76577bbe74bd80c3fccb15cc7fc68510dbb053a58167495f4f4dad27c89,1,1
0.101,2014-10-06T17:10:15.000Z,Project_Bang_18.SC2Map,37286839,5922464,32x32,2,0,Swarm(Camp)|9,4b129e36018b79a5fd8242771569de034ea13582139a980c5a6e14cf2978828a,1,1
0.102,2014-10-06T17:44:29.000Z,Project_Bang_18.SC2Map,37287921,1082,32x32,2,0,Swarm(Camp)|9,4b129e36018b79a5fd8242771569de034ea13582139a980c5a6e14cf2978828a,1,1
0.103,2014-10-06T18:29:27.000Z,Project_Bang_18.SC2Map,37288145,224,32x32,2,0,Swarm(Camp)|9,4b129e36018b79a5fd8242771569de034ea13582139a980c5a6e14cf2978828a,1,1
0.104,2014-10-06T18:56:56.000Z,Project_Bang_18.SC2Map,37287110,-1035,32x32,2,0,Swarm(Camp)|9,4b129e36018b79a5fd8242771569de034ea13582139a980c5a6e14cf2978828a,1,1
0.105,2014-10-07T11:18:04.000Z,Project_Bang_18.SC2Map,37288424,1314,32x32,2,0,Swarm(Camp)|9,4b129e36018b79a5fd8242771569de034ea13582139a980c5a6e14cf2978828a,1,1
0.106,2014-10-07T12:21:00.000Z,Project_Bang_18.SC2Map,37288528,104,32x32,2,0,Swarm(Camp)|9,4b129e36018b79a5fd8242771569de034ea13582139a980c5a6e14cf2978828a,1,1
0.107,2014-10-07T13:01:41.000Z,Project_Bang_18.SC2Map,37288706,178,32x32,2,0,Swarm(Camp)|9,4b129e36018b79a5fd8242771569de034ea13582139a980c5a6e14cf2978828a,1,1
0.108,2014-10-07T14:14:28.000Z,Project_Bang_18.SC2Map,37289562,856,32x32,2,0,Swarm(Camp)|9,4b129e36018b79a5fd8242771569de034ea13582139a980c5a6e14cf2978828a,1,1
0.109,2014-10-07T14:18:11.000Z,Project_Bang_18.SC2Map,37288518,-1044,32x32,2,0,Swarm(Camp)|9,4b129e36018b79a5fd8242771569de034ea13582139a980c5a6e14cf2978828a,1,1
0.110,2014-10-07T14:45:57.000Z,Project_Bang_18.SC2Map,37288500,-18,32x32,2,0,Swarm(Camp)|9,4b129e36018b79a5fd8242771569de034ea13582139a980c5a6e14cf2978828a,1,1
0.111,2014-10-07T16:46:19.000Z,Project_Bang_18.SC2Map,37288626,126,32x32,2,0,Swarm(Camp)|9,4b129e36018b79a5fd8242771569de034ea13582139a980c5a6e14cf2978828a,1,1
0.112,2014-10-08T10:25:44.000Z,Project_Bang_19.SC2Map,38417136,1128510,32x32,2,0,Swarm(Camp)|9,729271a3b14edfcb3282dfdb8399eb1a3015082c390472cd4332027e4d076f73,1,1
0.113,2014-10-08T10:55:51.000Z,Project_Bang_19.SC2Map,38417320,184,32x32,2,0,Swarm(Camp)|9,729271a3b14edfcb3282dfdb8399eb1a3015082c390472cd4332027e4d076f73,1,1
0.114,2014-10-08T12:16:21.000Z,Project_Bang_19.SC2Map,38418641,1321,32x32,2,0,Swarm(Camp)|9,729271a3b14edfcb3282dfdb8399eb1a3015082c390472cd4332027e4d076f73,1,1
0.115,2014-10-08T13:16:40.000Z,Project_Bang_19.SC2Map,38418799,158,32x32,2,0,Swarm(Camp)|9,729271a3b14edfcb3282dfdb8399eb1a3015082c390472cd4332027e4d076f73,1,1
0.116,2014-10-12T09:55:46.000Z,Project_Bang_19.SC2Map,38418792,-7,32x32,2,0,Swarm(Camp)|9,729271a3b14edfcb3282dfdb8399eb1a3015082c390472cd4332027e4d076f73,1,1
0.117,2014-10-12T10:45:19.000Z,Project_Bang_19.SC2Map,38418815,23,32x32,2,0,Swarm(Camp)|9,729271a3b14edfcb3282dfdb8399eb1a3015082c390472cd4332027e4d076f73,1,1
0.118,2014-10-14T13:42:34.000Z,Project_Bang_19.SC2Map,38418815,0,32x32,2,0,Swarm(Camp)|9,729271a3b14edfcb3282dfdb8399eb1a3015082c390472cd4332027e4d076f73,1,1
0.119,2014-12-09T10:20:06.000Z,Project_Bang_19.SC2Map,38419883,1068,32x32,2,0,Swarm(Camp)|9,6202a2799ef2cf07d0273172ce4948ebcab887711cf224b22e064c25f33d0d31,1,1
0.120,2014-12-09T13:55:58.000Z,Project_Bang_19.SC2Map,38419827,-56,32x32,2,0,Swarm(Camp)|9,6202a2799ef2cf07d0273172ce4948ebcab887711cf224b22e064c25f33d0d31,1,1
0.121,2015-03-09T13:32:32.000Z,Project_Bang_20.SC2Map,38436111,16284,32x32,2,0,Swarm(Camp)|9,f604d990b1cbbb4505b572266c0de11871ea7fe027e8db41e962522cb7aa4778,1,1
0.122,2015-03-09T13:41:21.000Z,Project_Bang_20.SC2Map,38436189,78,32x32,2,0,Swarm(Camp)|9,f604d990b1cbbb4505b572266c0de11871ea7fe027e8db41e962522cb7aa4778,1,1
0.123,2015-03-09T14:07:24.000Z,Project_Bang_20.SC2Map,38435993,-196,32x32,2,0,Swarm(Camp)|9,f604d990b1cbbb4505b572266c0de11871ea7fe027e8db41e962522cb7aa4778,1,1
0.124,2015-03-09T14:39:14.000Z,Project_Bang_20.SC2Map,38436021,28,32x32,2,0,Swarm(Camp)|9,f604d990b1cbbb4505b572266c0de11871ea7fe027e8db41e962522cb7aa4778,1,1
0.125,2015-03-10T16:23:49.000Z,Project_Bang_20.SC2Map,38388603,-47418,32x32,2,0,Swarm(Camp)|9,f604d990b1cbbb4505b572266c0de11871ea7fe027e8db41e962522cb7aa4778,1,1
0.126,2015-03-10T16:25:07.000Z,Project_Bang_20.SC2Map,38388601,-2,32x32,2,0,Swarm(Camp)|9,f604d990b1cbbb4505b572266c0de11871ea7fe027e8db41e962522cb7aa4778,1,1
0.127,2015-03-10T16:45:35.000Z,Project_Bang_20.SC2Map,38388585,-16,32x32,2,0,Swarm(Camp)|9,f604d990b1cbbb4505b572266c0de11871ea7fe027e8db41e962522cb7aa4778,1,1
0.128,2015-03-16T14:38:17.000Z,Project_Bang_20.SC2Map,38391499,2914,32x32,2,0,Swarm(Camp)|9,cfd46f2576694ba9547e61edf3fb5c761b66a504ead202f6340023f643e3c47f,1,1
0.129,2015-03-19T12:53:10.000Z,Project_Bang_22.SC2Map,38420008,28509,32x32,2,0,Swarm(Camp)|9,6b133ddea5f569ef4c97bfeb1374969e20f297ba1effa56397651b5f2e3e3695,1,1
0.130,2015-03-19T12:56:49.000Z,Project_Bang_22.SC2Map,38420008,0,32x32,2,0,Swarm(Camp)|9,6b133ddea5f569ef4c97bfeb1374969e20f297ba1effa56397651b5f2e3e3695,1,1
0.131,2015-03-19T12:58:24.000Z,Project_Bang_22.SC2Map,38420004,-4,32x32,2,0,Swarm(Camp)|9,6b133ddea5f569ef4c97bfeb1374969e20f297ba1effa56397651b5f2e3e3695,1,1
0.132,2015-03-19T13:46:40.000Z,Project_Bang_22.SC2Map,38420090,86,32x32,2,0,Swarm(Camp)|9,6b133ddea5f569ef4c97bfeb1374969e20f297ba1effa56397651b5f2e3e3695,1,1
0.133,2015-03-19T14:45:17.000Z,Project_Bang_22.SC2Map,38420340,250,32x32,2,0,Swarm(Camp)|9,6b133ddea5f569ef4c97bfeb1374969e20f297ba1effa56397651b5f2e3e3695,1,1
0.134,2015-03-20T14:47:20.000Z,Project_Bang_22.SC2Map,38430687,10347,32x32,2,0,Swarm(Camp)|9,5164d4b234775c682eff022ec60cc78b8a6986fb9768f7035b0ed092704c555c,1,1
0.135,2015-03-20T16:55:41.000Z,Project_Bang_22.SC2Map,38431028,341,32x32,2,0,Swarm(Camp)|9,5164d4b234775c682eff022ec60cc78b8a6986fb9768f7035b0ed092704c555c,1,1
0.136,2015-03-21T11:47:09.000Z,Project_Bang_22.SC2Map,38431836,808,32x32,2,0,Swarm(Camp)|9,b1e0e045b576ac64047451cdf4aba54daa93750cf35842e1e1f7b305112cd614,1,1
0.137,2015-03-23T12:18:27.000Z,Project_Bang_22.SC2Map,38433016,1180,32x32,2,0,Swarm(Camp)|9,74a34e37f31eadf9adf6d6dbd0dc29c8ba498be8a76f0555db1e3eef66ecf4c5,1,1
0.138,2015-03-24T13:45:56.000Z,Project_Bang_23.SC2Map,38527589,94573,32x32,2,0,Swarm(Camp)|9,638bfb7479de8c4236a73690ab769e75d944d6113c6b0f6fb54dbe390ae57d4d,5,5
0.139,2015-03-25T13:52:05.000Z,Project_Bang_23.SC2Map,38527543,-46,32x32,2,0,Swarm(Camp)|9,95db7028c6c51b74a02726ba75820fec668b3a51fc4bf526bf87dfc0e28d8c0e,5,5
0.140,2015-03-25T14:56:04.000Z,Project_Bang_23.SC2Map,38527519,-24,32x32,2,0,Swarm(Camp)|9,021999ea41285b59c6698927108fd0ce143fb5cdcca624a700d64d466c1f0846,5,5
0.141,2015-03-31T11:31:18.000Z,Project_Bang_23.SC2Map,38594729,67210,32x32,2,0,Swarm(Camp)|9,a9366862000b34d6e5ce2e031a2cef02007fddf5568877a916d1a7501eca8eed,5,5
0.142,2015-03-31T12:22:58.000Z,Project_Bang_23.SC2Map,38595035,306,32x32,2,0,Swarm(Camp)|9,c2481a81ba67333920e765e9e8c172d5399e9fda94a811fc340b3a75e02c4381,5,5
0.143,2015-04-06T12:38:43.000Z,Project_Bang_24.SC2Map,40026921,1431886,32x32,2,0,Swarm(Camp)|9,1697782e09168bcb1531a6ee0d30f88ce6d2d616200bcb4e72f5039410a00418,5,5
0.144,2015-04-06T15:01:24.000Z,Project_Bang_26.SC2Map,40026710,-211,32x32,2,0,Swarm(Camp)|9,1547acdec72e3aebd08b49e98a61442caf20d87cd22a38302168518dd995d83c,5,5
0.145,2015-04-07T11:15:30.000Z,Project_Bang_27.SC2Map,40026598,-112,32x32,2,0,Swarm(Camp)|9,958574e0d974751a73897a91031a9d3b8ad400d59ffc591f45983a7fa393b85e,5,5
0.146,2015-04-08T12:54:22.000Z,Project_Bang_28.SC2Map,40034099,7501,32x32,2,0,Swarm(Camp)|9,488605794dcabb319010cf53c435969db19bfa1909f22efb21a0d2d91037e295,5,5
0.147,2015-04-08T14:04:06.000Z,Project_Bang_28.SC2Map,40033960,-139,32x32,2,0,Swarm(Camp)|9,c406142f680f013ff48383d0fae9ade20dc0954ee587d804c86f74c4f90b69ac,5,5
0.148,2015-04-08T14:37:29.000Z,Project_Bang_28.SC2Map,40033484,-476,32x32,2,0,Swarm(Camp)|9,dac385125a87045a46403d858fb7bc3d2aaa161b61d02351f54466cf6cec3cb8,5,5
0.149,2015-04-09T13:22:33.000Z,Project_Bang_28.SC2Map,40040746,7262,32x32,2,0,Swarm(Camp)|9,4e01b24744e80217aa9cb9e102e39798411a16f5948258303b54eff60e90171f,5,5
0.150,2015-04-09T14:14:39.000Z,Project_Bang_28.SC2Map,40040829,83,32x32,2,0,Swarm(Camp)|9,4e01b24744e80217aa9cb9e102e39798411a16f5948258303b54eff60e90171f,5,5
0.151,2015-04-10T13:00:22.000Z,Project_Bang_29.SC2Map,40047663,6834,32x32,2,0,89384|Swarm(Camp)|9,21538fe765f3a9ccc9b1c0f3ec8a276f0f1573c6a17f4bcbcf8940bb5ecf15d7,5,5
0.152,2015-04-10T13:11:15.000Z,Project_Bang_29.SC2Map,40047626,-37,32x32,2,0,89384|Swarm(Camp)|9,a02ae7491f3c61b6a29b9a6cef9b3a75603df9d3902d7d44bb23815c1b239caf,5,5
0.153,2015-05-11T13:05:46.000Z,Project_Bang_29.SC2Map,40047804,178,32x32,2,0,89384|Swarm(Camp)|9,52e3b1e7218c9d59a4b0580052f7a78407b5262534c189a4bd7f7064c1f0f4d7,5,5
0.154,2015-05-14T12:50:50.000Z,Project_Bang_29.SC2Map,40047878,74,32x32,2,0,89384|Swarm(Camp)|9,22f9b9ab61650edafeb77e9ccbb57bf4ec5e9395294c99e27192bea5e3ed0bd1,5,5
0.155,2015-06-23T15:51:49.000Z,Project_Bang_29.SC2Map,39969397,-78481,32x32,2,0,89384|Swarm(Camp)|9,22f9b9ab61650edafeb77e9ccbb57bf4ec5e9395294c99e27192bea5e3ed0bd1,5,5
0.156,2015-06-23T15:53:08.000Z,Project_Bang_29.SC2Map,40047597,78200,32x32,2,0,89384|Swarm(Camp)|9,22f9b9ab61650edafeb77e9ccbb57bf4ec5e9395294c99e27192bea5e3ed0bd1,5,5
0.157,2015-07-18T06:46:39.000Z,Project_Bang_32.SC2Map,40379866,332269,32x32,2,0,89384|Swarm(Camp)|9,e3b1e5d5960e1015c858cdb27db3f71d922a9cfd535c27bd0ff0437205a9a565,5,5
0.158,2015-07-18T06:51:08.000Z,Project_Bang_32.SC2Map,40380095,229,32x32,2,0,89384|Swarm(Camp)|9,e3b1e5d5960e1015c858cdb27db3f71d922a9cfd535c27bd0ff0437205a9a565,5,5
0.159,2015-07-18T07:12:55.000Z,Project_Bang_32.SC2Map,40379918,-177,32x32,2,0,89384|Swarm(Camp)|9,e3b1e5d5960e1015c858cdb27db3f71d922a9cfd535c27bd0ff0437205a9a565,5,5
0.160,2015-07-18T09:04:00.000Z,Project_Bang_32.SC2Map,40379794,-124,32x32,2,0,89384|Swarm(Camp)|9,e3b1e5d5960e1015c858cdb27db3f71d922a9cfd535c27bd0ff0437205a9a565,5,5
0.161,2015-07-18T18:43:21.000Z,Project_Bang_32.SC2Map,40379696,-98,32x32,2,0,89384|Swarm(Camp)|9,e3b1e5d5960e1015c858cdb27db3f71d922a9cfd535c27bd0ff0437205a9a565,5,5
0.162,2015-07-20T11:22:36.000Z,Project_Bang_32.SC2Map,40399838,20142,32x32,4,0,89384|Swarm(Camp)|9,1e4057dcce23cd4b8c19e1649e13fdda1d2e66c8390d704398b5df6f5216f4c8,5,5
0.163,2015-07-20T11:26:38.000Z,Project_Bang_32.SC2Map,40400285,447,32x32,4,0,89384|Swarm(Camp)|9,80ef5246185cc8ed38198805be0faecd251dc3ef01de31737822bd5910a698ad,5,5
0.164,2015-07-20T15:22:12.000Z,Project_Bang_32.SC2Map,40401186,901,32x32,4,0,89384|Swarm(Camp)|9,80ef5246185cc8ed38198805be0faecd251dc3ef01de31737822bd5910a698ad,5,5
0.165,2015-07-21T12:51:46.000Z,Project_Bang_32.SC2Map,40408898,7712,32x32,2,0,89384|Swarm(Camp)|9,8a24453a6c5a695033f7081f56c731a8d000a21cd4ed35e015594a70d0d14ff1,5,5
0.166,2015-07-21T13:22:36.000Z,Project_Bang_32.SC2Map,40407873,-1025,32x32,2,0,89384|Swarm(Camp)|9,8a24453a6c5a695033f7081f56c731a8d000a21cd4ed35e015594a70d0d14ff1,5,5
0.167,2015-07-21T13:51:15.000Z,Project_Bang_32.SC2Map,40407789,-84,32x32,2,0,89384|Swarm(Camp)|9,8a24453a6c5a695033f7081f56c731a8d000a21cd4ed35e015594a70d0d14ff1,5,5
0.168,2015-07-22T12:22:19.000Z,Project_Bang_33.SC2Map,40458340,50551,32x32,4,0,89384|Swarm(Camp)|9,1511066c86256ac8180d291f0db5a24817d5b17dbba2dd939e9cb8d235d65d88,5,5
0.169,2015-07-22T15:11:37.000Z,Project_Bang_33.SC2Map,40457779,-561,32x32,4,0,89384|Swarm(Camp)|9,bfb81ddc0a07da326f7a8d42dc637ed3102faa38baeda73e6959cd71fbea3b18,5,5
0.170,2015-07-22T15:57:07.000Z,Project_Bang_33.SC2Map,40458285,506,32x32,4,0,89384|Swarm(Camp)|9,bfb81ddc0a07da326f7a8d42dc637ed3102faa38baeda73e6959cd71fbea3b18,5,5
0.171,2015-07-23T15:06:11.000Z,Project_Bang_33.SC2Map,40458126,-159,32x32,4,0,89384|Swarm(Camp)|9,bfb81ddc0a07da326f7a8d42dc637ed3102faa38baeda73e6959cd71fbea3b18,5,5
0.172,2015-07-26T09:34:39.000Z,Project_Bang_33.SC2Map,40493849,35723,32x32,2,0,89384|Swarm(Camp)|9,9edb890f23a02c60d798baac3f7bff6c32675c1ec80deb801578bf9819926f90,5,5
0.173,2015-07-27T13:43:19.000Z,Project_Bang_33.SC2Map,40503084,9235,32x32,2,0,89384|Swarm(Camp)|9,9edb890f23a02c60d798baac3f7bff6c32675c1ec80deb801578bf9819926f90,5,5
0.174,2015-07-27T15:56:58.000Z,Project_Bang_33.SC2Map,40504353,1269,32x32,2,0,89384|Swarm(Camp)|9,9edb890f23a02c60d798baac3f7bff6c32675c1ec80deb801578bf9819926f90,5,5
0.175,2015-07-28T13:27:49.000Z,Project_Bang_33.SC2Map,40513201,8848,32x32,2,0,89384|Swarm(Camp)|9,9edb890f23a02c60d798baac3f7bff6c32675c1ec80deb801578bf9819926f90,5,5
0.176,2015-07-28T14:14:53.000Z,Project_Bang_33.SC2Map,40512919,-282,32x32,2,0,89384|Swarm(Camp)|9,9edb890f23a02c60d798baac3f7bff6c32675c1ec80deb801578bf9819926f90,5,5
0.177,2015-08-01T11:41:37.000Z,Project_Bang_33.SC2Map,41105294,592375,32x32,2,0,89384|Swarm(Camp)|9,aeec6189e5ee1f91003f47ad8845e73bba6b49594fa7732cf0a97cce3a87b438,5,5
0.178,2015-08-06T12:58:50.000Z,Project_Bang_33.SC2Map,41858404,753110,32x32,2,0,89384|Swarm(Camp)|9,daeb7a6a3d01267073cedf5344a2dbb2367643453a5cba75a0f16ce202e424cb,5,5
0.179,2015-08-06T17:53:23.000Z,Project_Bang_33.SC2Map,41858132,-272,32x32,2,0,89384|Swarm(Camp)|9,daeb7a6a3d01267073cedf5344a2dbb2367643453a5cba75a0f16ce202e424cb,5,5
0.180,2015-08-26T12:44:47.000Z,Project_Bang_33.SC2Map,41857727,-405,32x32,2,0,89384|Swarm(Camp)|9,28814c33f1967a7a3b2f604bf1a33c33be8e8450dced4de3462a32d090c135cc,5,5
0.181,2015-10-11T11:48:09.000Z,Project_Bang_34.SC2Map,42274163,416436,32x32,2,0,89384|Swarm(Camp)|9,2e6091247a6014c5b5c97f4f1223da4984ac6a55e3544760c4f4b2c7560dfb02,5,5
0.182,2015-12-06T09:25:33.000Z,Project_Bang_35.SC2Map,42455908,181745,32x32,2,0,89384|Swarm(Camp)|9,78427780573ff5006bc67f10ada35f969395435e2243aceffcdc2a8e4d2f1cba,5,5
0.183,2015-12-06T10:52:04.000Z,Project_Bang_35.SC2Map,42455790,-118,32x32,2,0,89384|Swarm(Camp)|9,78427780573ff5006bc67f10ada35f969395435e2243aceffcdc2a8e4d2f1cba,5,5
0.184,2015-12-07T12:14:58.000Z,Project_Bang_35.SC2Map,42463584,7794,32x32,2,0,89384|Swarm(Camp)|9,35d5709a7f90d66269994b65cca75b11661d743315bf732f86168a2f6a68d3c7,5,5
0.185,2015-12-07T13:14:55.000Z,Project_Bang_35.SC2Map,42463589,5,32x32,2,0,89384|Swarm(Camp)|9,35d5709a7f90d66269994b65cca75b11661d743315bf732f86168a2f6a68d3c7,5,5
0.186,2015-12-07T14:39:54.000Z,Project_Bang_35.SC2Map,42463314,-275,32x32,2,0,89384|Swarm(Camp)|9,734fb0a79eb226ed8398edd2b0f13266e235003b64b64779d5972f4d2213548f,5,5
0.187,2015-12-11T14:42:00.000Z,Project_Bang_36.SC2Map,82273958,39810644,32x32,2,0,89384|Swarm(Camp)|9,866843fe11930c767f403964c7e7751b15aa717048571fae1f8034ebf1a4354d,5,5
0.188,2015-12-11T14:44:38.000Z,Project_Bang_36.SC2Map,48412978,-33860980,32x32,2,0,89384|Swarm(Camp)|9,866843fe11930c767f403964c7e7751b15aa717048571fae1f8034ebf1a4354d,5,5
0.189,2015-12-11T15:11:10.000Z,Project_Bang_36.SC2Map,48412970,-8,32x32,2,0,89384|Swarm(Camp)|9,5b3be1907b176b4faf218e9c67f1b5ae70d0706cb84d60699d1553d710ffe967,5,5
0.190,2015-12-11T15:15:13.000Z,Project_Bang_36.SC2Map,42705824,-5707146,32x32,2,0,89384|Swarm(Camp)|9,2ed339dd1cee0c5676e425e488dbb99288bf6b0487d1ea025e2ad999057a4bc6,5,5
0.191,2015-12-12T09:19:21.000Z,Project_Bang_36.SC2Map,42705862,38,32x32,2,0,89384|Swarm(Camp)|9,2ed339dd1cee0c5676e425e488dbb99288bf6b0487d1ea025e2ad999057a4bc6,5,5
0.192,2015-12-12T11:50:22.000Z,Project_Bang_36.SC2Map,42705810,-52,32x32,2,0,89384|Swarm(Camp)|9,2ed339dd1cee0c5676e425e488dbb99288bf6b0487d1ea025e2ad999057a4bc6,5,5
0.193,2015-12-12T16:41:32.000Z,Project_Bang_36.SC2Map,42707525,1715,32x32,2,0,89384|Swarm(Camp)|9,2ed339dd1cee0c5676e425e488dbb99288bf6b0487d1ea025e2ad999057a4bc6,5,5
0.194,2015-12-12T16:46:08.000Z,Project_Bang_36.SC2Map,42707878,353,32x32,2,0,89384|Swarm(Camp)|9,2ed339dd1cee0c5676e425e488dbb99288bf6b0487d1ea025e2ad999057a4bc6,5,5
0.195,2015-12-12T19:23:58.000Z,Project_Bang_36.SC2Map,42712041,4163,32x32,2,0,89384|Swarm(Camp)|9,2ed339dd1cee0c5676e425e488dbb99288bf6b0487d1ea025e2ad999057a4bc6,5,5
0.196,2015-12-13T11:29:43.000Z,Project_Bang_36.SC2Map,42741973,29932,32x32,2,0,89384|Swarm(Camp)|9,8b3c1a3259af0e2dca2cf9e1bd2fb1ccb000a8bd8d00152db0e9021ca0d64b99,5,5
0.197,2015-12-14T14:23:20.000Z,Project_Bang_36.SC2Map,42741975,2,32x32,2,0,89384|Swarm(Camp)|9,8b3c1a3259af0e2dca2cf9e1bd2fb1ccb000a8bd8d00152db0e9021ca0d64b99,5,5
0.198,2015-12-14T15:51:46.000Z,Project_Bang_36.SC2Map,42743307,1332,32x32,2,0,89384|Swarm(Camp)|9,8b3c1a3259af0e2dca2cf9e1bd2fb1ccb000a8bd8d00152db0e9021ca0d64b99,5,5
0.199,2015-12-15T12:11:00.000Z,Project_Bang_36.SC2Map,42743157,-150,32x32,2,0,89384|Swarm(Camp)|9,8b3c1a3259af0e2dca2cf9e1bd2fb1ccb000a8bd8d00152db0e9021ca0d64b99,5,5
0.200,2015-12-17T10:29:13.000Z,Project_Bang_36.SC2Map,42734731,-8426,32x32,2,0,89384|Swarm(Camp)|9,8b3c1a3259af0e2dca2cf9e1bd2fb1ccb000a8bd8d00152db0e9021ca0d64b99,5,5
0.201,2015-12-17T11:34:23.000Z,Project_Bang_36.SC2Map,42734696,-35,32x32,2,0,89384|Swarm(Camp)|9,8b3c1a3259af0e2dca2cf9e1bd2fb1ccb000a8bd8d00152db0e9021ca0d64b99,5,5
0.202,2015-12-20T13:58:39.000Z,Project_Bang_37.SC2Map,46847548,4112852,32x32,2,0,89384|Swarm(Camp)|9,8b3c1a3259af0e2dca2cf9e1bd2fb1ccb000a8bd8d00152db0e9021ca0d64b99,5,5
0.203,2015-12-20T15:39:50.000Z,Project_Bang_37.SC2Map,46848957,1409,32x32,2,0,89384|Swarm(Camp)|9,c46f3937eefd60e10883189be14a8e08739462c767e78a845973c5049d553b0a,5,5
0.204,2015-12-20T16:53:24.000Z,Project_Bang_37.SC2Map,46849048,91,32x32,2,0,89384|Swarm(Camp)|9,c46f3937eefd60e10883189be14a8e08739462c767e78a845973c5049d553b0a,5,5
0.205,2015-12-20T17:07:17.000Z,Project_Bang_37.SC2Map,46846836,-2212,32x32,2,0,89384|Swarm(Camp)|9,35dca1dd887fc07f2302accde8fcec95ba0554f1b3c2066c85d5b15664546401,5,5
0.206,2015-12-20T17:48:33.000Z,Project_Bang_37.SC2Map,46847117,281,32x32,2,0,89384|Swarm(Camp)|9,35dca1dd887fc07f2302accde8fcec95ba0554f1b3c2066c85d5b15664546401,5,5
0.207,2015-12-20T18:44:38.000Z,Project_Bang_37.SC2Map,46856129,9012,32x32,2,0,89384|Swarm(Camp)|9,35dca1dd887fc07f2302accde8fcec95ba0554f1b3c2066c85d5b15664546401,5,5
0.208,2015-12-20T19:09:21.000Z,Project_Bang_37.SC2Map,46856378,249,32x32,2,0,89384|Swarm(Camp)|9,35dca1dd887fc07f2302accde8fcec95ba0554f1b3c2066c85d5b15664546401,5,5
0.209,2015-12-21T10:06:03.000Z,Project_Bang_37.SC2Map,46856089,-289,32x32,2,0,89384|Swarm(Camp)|9,9f6c7ff1d0241680e82bc900be5e83cfadcb2dd41e5040bff548e1b11a318baa,5,5
0.210,2015-12-21T14:13:19.000Z,Project_Bang_37.SC2Map,46855615,-474,32x32,2,0,89384|Swarm(Camp)|9,c9126c84dd51d02db857776cbdd14b6c1241ac2322e582b3a62646159ea36577,5,5
0.211,2015-12-21T15:56:42.000Z,Project_Bang_37.SC2Map,46855718,103,32x32,2,0,89384|Swarm(Camp)|9,c9126c84dd51d02db857776cbdd14b6c1241ac2322e582b3a62646159ea36577,5,5
0.212,2015-12-21T16:43:09.000Z,Project_Bang_37.SC2Map,46856277,559,32x32,2,0,89384|Swarm(Camp)|9,c9126c84dd51d02db857776cbdd14b6c1241ac2322e582b3a62646159ea36577,5,5
0.213,2015-12-21T17:43:44.000Z,Project_Bang_37.SC2Map,46859306,3029,32x32,2,0,89384|Swarm(Camp)|9,c9126c84dd51d02db857776cbdd14b6c1241ac2322e582b3a62646159ea36577,5,5
0.214,2015-12-21T17:51:53.000Z,Project_Bang_37.SC2Map,46856920,-2386,32x32,2,0,89384|Swarm(Camp)|9,c9126c84dd51d02db857776cbdd14b6c1241ac2322e582b3a62646159ea36577,5,5
0.215,2015-12-21T20:51:11.000Z,Project_Bang_37.SC2Map,46857060,140,32x32,2,0,89384|Swarm(Camp)|9,c9126c84dd51d02db857776cbdd14b6c1241ac2322e582b3a62646159ea36577,5,5
0.216,2015-12-22T11:10:30.000Z,Project_Bang_37.SC2Map,46326216,-530844,32x32,2,0,89384|Swarm(Camp)|9,f2ca5fc23532f410696c86659054cbb3cd22d0ae5f1d31acd98d852e10fe0c01,5,5
0.217,2015-12-22T12:07:05.000Z,Project_Bang_37.SC2Map,46326322,106,32x32,2,0,89384|Swarm(Camp)|9,d5ecdadb57b0db7b400c45a7194ab010bb7a971b503fe4b8f46fd7637fd8b9a4,5,5
0.218,2015-12-22T15:01:13.000Z,Project_Bang_37.SC2Map,46326454,132,32x32,2,0,89384|Swarm(Camp)|9,4b80508dd77f2ecccbf0209c780cbc1f5528e0e2335e63b41bae281b58b4eb0f,5,5
0.219,2015-12-22T16:25:01.000Z,Project_Bang_37.SC2Map,46326429,-25,32x32,2,0,89384|Swarm(Camp)|9,4b80508dd77f2ecccbf0209c780cbc1f5528e0e2335e63b41bae281b58b4eb0f,5,5
0.220,2015-12-22T17:06:08.000Z,Project_Bang_37.SC2Map,46326541,112,32x32,2,0,89384|Swarm(Camp)|9,4b80508dd77f2ecccbf0209c780cbc1f5528e0e2335e63b41bae281b58b4eb0f,5,5
0.221,2015-12-22T18:30:21.000Z,Project_Bang_37.SC2Map,46326420,-121,32x32,2,0,89384|Swarm(Camp)|9,4b80508dd77f2ecccbf0209c780cbc1f5528e0e2335e63b41bae281b58b4eb0f,5,5
0.222,2015-12-23T17:23:31.000Z,Project_Bang_37.SC2Map,46326872,452,32x32,2,2,89384|Swarm(Camp)|9,2fc8c28f97392513b2250475691f1a1dce182daf19cce057a90cbc9ebe4cab9b,5,5
0.223,2015-12-23T17:31:15.000Z,Project_Bang_37.SC2Map,46326869,-3,32x32,2,2,89384|Swarm(Camp)|9,2fc8c28f97392513b2250475691f1a1dce182daf19cce057a90cbc9ebe4cab9b,5,5
0.224,2015-12-23T19:20:44.000Z,Project_Bang_37.SC2Map,46326603,-266,32x32,2,2,89384|Swarm(Camp)|9,2fc8c28f97392513b2250475691f1a1dce182daf19cce057a90cbc9ebe4cab9b,5,5
0.225,2015-12-27T14:49:26.000Z,Project_Bang_37.SC2Map,45984650,-341953,32x32,2,2,89384|Swarm(Camp)|9,4dab742a071e0ae84d9d2b38ac13e6474a1bd7edd4dabf5710b4c6fc9898da96,5,5
0.226,2015-12-27T15:02:20.000Z,Project_Bang_37.SC2Map,45983670,-980,32x32,2,2,89384|Swarm(Camp)|9,7456947f56891d4a937367a6d20e2fa55a9d4453c544342af154895d8675f1a3,5,5
0.227,2015-12-27T17:03:21.000Z,Project_Bang_37.SC2Map,45983132,-538,32x32,2,2,89384|Swarm(Camp)|9,31b3c220902e9654b1c57a3e19f81f514eb537b428b5167f60ebc07b4956a808,5,5
0.228,2015-12-27T18:17:35.000Z,Project_Bang_37.SC2Map,45983662,530,32x32,2,2,89384|Swarm(Camp)|9,31b3c220902e9654b1c57a3e19f81f514eb537b428b5167f60ebc07b4956a808,5,5
0.229,2015-12-28T15:06:53.000Z,Project_Bang_37.SC2Map,47356189,1372527,32x32,2,2,89384|Swarm(Camp)|9,c1784b1a5dc5ee9ccbb1b003f4e70f6da83597351fe5752824e08e2e8c236f4f,5,5
0.230,2015-12-28T16:29:58.000Z,Project_Bang_37.SC2Map,47356932,743,32x32,2,2,89384|Swarm(Camp)|9,c1784b1a5dc5ee9ccbb1b003f4e70f6da83597351fe5752824e08e2e8c236f4f,5,5
0.231,2015-12-28T18:40:53.000Z,Project_Bang_37.SC2Map,47356687,-245,32x32,2,2,89384|Swarm(Camp)|9,c1784b1a5dc5ee9ccbb1b003f4e70f6da83597351fe5752824e08e2e8c236f4f,5,5
0.232,2015-12-28T19:30:56.000Z,Project_Bang_37.SC2Map,47356694,7,32x32,2,2,89384|Swarm(Camp)|9,c1784b1a5dc5ee9ccbb1b003f4e70f6da83597351fe5752824e08e2e8c236f4f,5,5
0.233,2015-12-29T18:11:55.000Z,Project_Bang_37.SC2Map,47356700,6,32x32,2,2,89384|Swarm(Camp)|9,c1784b1a5dc5ee9ccbb1b003f4e70f6da83597351fe5752824e08e2e8c236f4f,5,5
0.234,2015-12-30T14:43:21.000Z,Project_Bang_37.SC2Map,47360576,3876,32x32,2,2,89384|Swarm(Camp)|9,6f197269b31110fd70256df0b9ae316e3bbc166d1ad5f940e4d2fe1020e40d14,5,5
0.235,2015-12-30T15:55:41.000Z,Project_Bang_37.SC2Map,47360557,-19,32x32,2,2,89384|Swarm(Camp)|9,6f197269b31110fd70256df0b9ae316e3bbc166d1ad5f940e4d2fe1020e40d14,5,5
0.236,2016-01-01T15:30:29.000Z,Project_Bang_37.SC2Map,48013143,652586,32x32,2,2,89384|Swarm(Camp)|9,6f197269b31110fd70256df0b9ae316e3bbc166d1ad5f940e4d2fe1020e40d14,5,5
0.237,2016-01-01T16:29:06.000Z,Project_Bang_37.SC2Map,48013135,-8,32x32,2,2,89384|Swarm(Camp)|9,6f197269b31110fd70256df0b9ae316e3bbc166d1ad5f940e4d2fe1020e40d14,5,5
0.238,2016-01-01T17:06:46.000Z,Project_Bang_37.SC2Map,48013739,604,32x32,2,2,89384|Swarm(Camp)|9,6f197269b31110fd70256df0b9ae316e3bbc166d1ad5f940e4d2fe1020e40d14,5,5
0.239,2016-01-01T21:55:43.000Z,Project_Bang_37.SC2Map,48012650,-1089,32x32,2,2,89384|Swarm(Camp)|9,6f197269b31110fd70256df0b9ae316e3bbc166d1ad5f940e4d2fe1020e40d14,5,5
0.240,2016-01-01T22:12:07.000Z,Project_Bang_37.SC2Map,48012674,24,32x32,2,2,89384|Swarm(Camp)|9,6f197269b31110fd70256df0b9ae316e3bbc166d1ad5f940e4d2fe1020e40d14,5,5
0.241,2016-01-02T04:59:39.000Z,Project_Bang_37.SC2Map,48021537,8863,32x32,2,2,89384|Swarm(Camp)|9,6f197269b31110fd70256df0b9ae316e3bbc166d1ad5f940e4d2fe1020e40d14,5,5
0.242,2016-01-02T12:59:51.000Z,Project_Bang_37.SC2Map,48021877,340,32x32,2,2,89384|Swarm(Camp)|9,6f197269b31110fd70256df0b9ae316e3bbc166d1ad5f940e4d2fe1020e40d14,5,5
0.243,2016-01-02T17:14:19.000Z,Project_Bang_37.SC2Map,48021871,-6,32x32,2,2,89384|Swarm(Camp)|9,6f197269b31110fd70256df0b9ae316e3bbc166d1ad5f940e4d2fe1020e40d14,5,5
0.244,2016-01-02T20:39:19.000Z,Project_Bang_37.SC2Map,48021861,-10,32x32,2,2,89384|Swarm(Camp)|9,6f197269b31110fd70256df0b9ae316e3bbc166d1ad5f940e4d2fe1020e40d14,5,5
0.245,2016-01-03T10:31:48.000Z,Project_Bang_37.SC2Map,48021605,-256,32x32,2,2,89384|Swarm(Camp)|9,6f197269b31110fd70256df0b9ae316e3bbc166d1ad5f940e4d2fe1020e40d14,5,5
0.246,2016-01-04T13:37:22.000Z,Project_Bang_38.SC2Map,48080257,58652,32x32,2,2,89384|Swarm(Camp)|9,6f197269b31110fd70256df0b9ae316e3bbc166d1ad5f940e4d2fe1020e40d14,5,5
0.247,2016-01-04T13:46:16.000Z,Project_Bang_38.SC2Map,48080248,-9,32x32,2,2,89384|Swarm(Camp)|9,6f197269b31110fd70256df0b9ae316e3bbc166d1ad5f940e4d2fe1020e40d14,5,5
0.248,2016-01-04T15:05:39.000Z,Project_Bang_38.SC2Map,48080516,268,32x32,2,2,89384|Swarm(Camp)|9,6f197269b31110fd70256df0b9ae316e3bbc166d1ad5f940e4d2fe1020e40d14,5,5
0.249,2016-01-04T16:01:09.000Z,Project_Bang_38.SC2Map,48080539,23,32x32,2,2,89384|Swarm(Camp)|9,6f197269b31110fd70256df0b9ae316e3bbc166d1ad5f940e4d2fe1020e40d14,5,5
0.250,2016-01-04T17:07:52.000Z,Project_Bang_38.SC2Map,48080490,-49,32x32,2,2,89384|Swarm(Camp)|9,6f197269b31110fd70256df0b9ae316e3bbc166d1ad5f940e4d2fe1020e40d14,5,5
0.251,2016-01-04T17:59:01.000Z,Project_Bang_38.SC2Map,48077823,-2667,32x32,2,2,89384|Swarm(Camp)|9,6f197269b31110fd70256df0b9ae316e3bbc166d1ad5f940e4d2fe1020e40d14,5,5
0.252,2016-01-04T20:21:43.000Z,Project_Bang_38.SC2Map,48080011,2188,32x32,2,2,89384|Swarm(Camp)|9,6f197269b31110fd70256df0b9ae316e3bbc166d1ad5f940e4d2fe1020e40d14,5,5
0.253,2016-01-05T19:28:17.000Z,Project_Bang_38.SC2Map,48081537,1526,32x32,2,2,89384|Swarm(Camp)|9,31d355ff6d1c6d9b6648780d169aec6a585bde21867d9f1e0f506f0e3c2df73c,5,5
0.254,2016-01-06T14:45:17.000Z,Project_Bang_38.SC2Map,48080112,-1425,32x32,2,2,89384|Swarm(Camp)|9,8d9027722cf620dd9d1948e037f53779c17fe9685de368d6548d4047c4fd0892,5,5
0.255,2016-01-06T15:25:43.000Z,Project_Bang_38.SC2Map,48080354,242,32x32,2,2,89384|Swarm(Camp)|9,8d9027722cf620dd9d1948e037f53779c17fe9685de368d6548d4047c4fd0892,5,5
0.256,2016-01-06T15:53:33.000Z,Project_Bang_38.SC2Map,48080307,-47,32x32,2,2,89384|Swarm(Camp)|9,8d9027722cf620dd9d1948e037f53779c17fe9685de368d6548d4047c4fd0892,5,5
0.257,2016-01-06T18:05:02.000Z,Project_Bang_38.SC2Map,48079821,-486,32x32,2,2,89384|Swarm(Camp)|9,8d9027722cf620dd9d1948e037f53779c17fe9685de368d6548d4047c4fd0892,5,5
0.258,2016-01-06T18:59:50.000Z,Project_Bang_38.SC2Map,48080230,409,32x32,2,2,89384|Swarm(Camp)|9,8d9027722cf620dd9d1948e037f53779c17fe9685de368d6548d4047c4fd0892,5,5
0.259,2016-01-07T15:09:50.000Z,Project_Bang_38.SC2Map,48080524,294,32x32,2,2,89384|Swarm(Camp)|9,9bac95f8e9c272de6a0097eea14e67dcb865561e200e7f7bc40c5600bdb69c77,5,5
0.260,2016-01-09T21:42:21.000Z,Project_Bang_38.SC2Map,48085249,4725,32x32,2,2,89384|Swarm(Camp)|9,9bac95f8e9c272de6a0097eea14e67dcb865561e200e7f7bc40c5600bdb69c77,5,5
0.261,2016-01-11T10:40:19.000Z,Project_Bang_38.SC2Map,48085599,350,32x32,2,2,89384|Swarm(Camp)|9,a9cedd379a7692234a101eb3d368c3bf672c07d984770b084a2987e6b1bd1215,5,5
0.262,2016-01-11T11:20:01.000Z,Project_Bang_38.SC2Map,48086328,729,32x32,2,2,89384|Swarm(Camp)|9,a9cedd379a7692234a101eb3d368c3bf672c07d984770b084a2987e6b1bd1215,5,5
0.263,2016-01-11T12:52:15.000Z,Project_Bang_38.SC2Map,48086574,246,32x32,2,2,89384|Swarm(Camp)|9,a9cedd379a7692234a101eb3d368c3bf672c07d984770b084a2987e6b1bd1215,5,5
0.264,2016-01-12T14:01:18.000Z,Project_Bang_39.SC2Map,48309004,222430,32x32,2,2,89384|Swarm(Camp)|9,14075b6abae34ae412237fedc0762c07800c46bb884b8498015038275faa6cd4,5,5
0.265,2016-01-12T15:30:55.000Z,Project_Bang_39.SC2Map,47902896,-406108,32x32,2,2,89384|Swarm(Camp)|9,14075b6abae34ae412237fedc0762c07800c46bb884b8498015038275faa6cd4,5,5
0.266,2016-01-12T16:08:03.000Z,Project_Bang_39.SC2Map,47903929,1033,32x32,2,2,89384|Swarm(Camp)|9,14075b6abae34ae412237fedc0762c07800c46bb884b8498015038275faa6cd4,5,5
0.267,2016-01-12T16:38:35.000Z,Project_Bang_39.SC2Map,47913453,9524,32x32,2,2,89384|Swarm(Camp)|9,14075b6abae34ae412237fedc0762c07800c46bb884b8498015038275faa6cd4,5,5
0.268,2016-01-12T16:52:52.000Z,Project_Bang_39.SC2Map,47913452,-1,32x32,2,2,89384|Swarm(Camp)|9,14075b6abae34ae412237fedc0762c07800c46bb884b8498015038275faa6cd4,5,5
0.269,2016-01-12T17:36:57.000Z,Project_Bang_39.SC2Map,47913363,-89,32x32,2,2,89384|Swarm(Camp)|9,14075b6abae34ae412237fedc0762c07800c46bb884b8498015038275faa6cd4,5,5
0.270,2016-01-13T10:53:24.000Z,Project_Bang_39.SC2Map,47928277,14914,32x32,2,2,89384|Swarm(Camp)|9,9c8afc5e37e81e58107ecff811f01b7538430c21059d70272a0fef8cf0ff98e8,5,5
0.271,2016-01-13T14:25:59.000Z,Project_Bang_39.SC2Map,47928168,-109,32x32,2,2,89384|Swarm(Camp)|9,9c8afc5e37e81e58107ecff811f01b7538430c21059d70272a0fef8cf0ff98e8,5,5
0.272,2016-01-13T16:00:43.000Z,Project_Bang_39.SC2Map,47928342,174,32x32,2,2,89384|Swarm(Camp)|9,9c8afc5e37e81e58107ecff811f01b7538430c21059d70272a0fef8cf0ff98e8,5,5
0.273,2016-01-14T15:45:40.000Z,Project_Bang_39.SC2Map,47928428,86,32x32,2,2,89384|Swarm(Camp)|9,9c8afc5e37e81e58107ecff811f01b7538430c21059d70272a0fef8cf0ff98e8,5,5
0.274,2016-01-18T11:47:07.000Z,Project_Bang_39.SC2Map,47926275,-2153,32x32,2,2,89384|Swarm(Camp)|9,9c8afc5e37e81e58107ecff811f01b7538430c21059d70272a0fef8cf0ff98e8,5,5
0.275,2016-01-20T12:38:59.000Z,Project_Bang_39.SC2Map,47928224,1949,32x32,2,2,89384|Swarm(Camp)|9,5bff77e96992ee5ba0a8bbc1ca86831af49bc6f717d3346cb872c75cef428a67,5,5
0.276,2016-01-20T14:45:54.000Z,Project_Bang_39.SC2Map,47928224,0,32x32,2,2,89384|Swarm(Camp)|9,5bff77e96992ee5ba0a8bbc1ca86831af49bc6f717d3346cb872c75cef428a67,5,5
0.277,2016-01-24T12:26:13.000Z,Project_Bang_39.SC2Map,47929708,1484,32x32,2,2,89384|Swarm(Camp)|9,ee15869fb9c425fcf6dec54af2eadd42f8dbc0eee49d381a046a6e15044b8622,5,5
0.278,2016-01-25T18:20:57.000Z,Project_Bang_39.SC2Map,47929492,-216,32x32,2,2,89384|Swarm(Camp)|9,ee15869fb9c425fcf6dec54af2eadd42f8dbc0eee49d381a046a6e15044b8622,5,5
0.279,2016-01-26T04:53:37.000Z,Project_Bang_39.SC2Map,47929558,66,32x32,2,2,89384|Swarm(Camp)|9,ee15869fb9c425fcf6dec54af2eadd42f8dbc0eee49d381a046a6e15044b8622,5,5
0.280,2016-01-26T11:16:28.000Z,Project_Bang_39.SC2Map,47929779,221,32x32,2,2,89384|Swarm(Camp)|9,ee15869fb9c425fcf6dec54af2eadd42f8dbc0eee49d381a046a6e15044b8622,5,5
0.281,2016-01-26T11:40:25.000Z,Project_Bang_39.SC2Map,47929741,-38,32x32,2,2,89384|Swarm(Camp)|9,bc21517cb406fe70cf12280412926ce602c275e92ba65e8b8772c4e031df7565,5,5
0.282,2016-01-26T13:41:58.000Z,Project_Bang_39.SC2Map,47930066,325,32x32,2,2,89384|Swarm(Camp)|9,bc21517cb406fe70cf12280412926ce602c275e92ba65e8b8772c4e031df7565,5,5
0.283,2016-01-31T13:09:13.000Z,Project_Bang_39.SC2Map,47933303,3237,32x32,2,2,89384|Swarm(Camp)|9,bc21517cb406fe70cf12280412926ce602c275e92ba65e8b8772c4e031df7565,5,5
0.284,2016-01-31T13:16:14.000Z,Project_Bang_39.SC2Map,47933075,-228,32x32,2,2,89384|Swarm(Camp)|9,bc21517cb406fe70cf12280412926ce602c275e92ba65e8b8772c4e031df7565,5,5
0.285,2016-01-31T16:32:45.000Z,Project_Bang_39.SC2Map,47933068,-7,32x32,2,2,89384|Swarm(Camp)|9,bc21517cb406fe70cf12280412926ce602c275e92ba65e8b8772c4e031df7565,5,5
0.286,2016-02-09T13:19:19.000Z,Project_Bang_39.SC2Map,47939277,6209,32x32,2,2,89384|Swarm(Camp)|9,89744a698341a0abad741610e8023959ce877412015410feb5e20480efb7bb3e,5,5
0.287,2016-02-09T13:23:28.000Z,Project_Bang_39.SC2Map,47939261,-16,32x32,2,2,89384|Swarm(Camp)|9,a7916a4a9a8102b680743d07a897582ba135c7189b8c92319178dfd6c6985f84,5,5
0.288,2016-02-10T12:58:54.000Z,Project_Bang_39.SC2Map,47939240,-21,32x32,2,2,89384|Swarm(Camp)|9,a7916a4a9a8102b680743d07a897582ba135c7189b8c92319178dfd6c6985f84,5,5
0.289,2016-02-10T15:44:29.000Z,Project_Bang_39.SC2Map,47939288,48,32x32,2,2,89384|Swarm(Camp)|9,a7916a4a9a8102b680743d07a897582ba135c7189b8c92319178dfd6c6985f84,5,5
0.290,2016-02-10T15:52:45.000Z,Project_Bang_39.SC2Map,47939476,188,32x32,2,2,89384|Swarm(Camp)|9,a7916a4a9a8102b680743d07a897582ba135c7189b8c92319178dfd6c6985f84,5,5
0.291,2016-02-10T16:13:41.000Z,Project_Bang_39.SC2Map,47939489,13,32x32,2,2,89384|Swarm(Camp)|9,a7916a4a9a8102b680743d07a897582ba135c7189b8c92319178dfd6c6985f84,5,5
0.292,2016-02-10T18:19:32.000Z,Project_Bang_39.SC2Map,47936773,-2716,32x32,2,2,89384|Swarm(Camp)|9,1ac6e929c0f875e5bbfc29888125449ab8f1e789b2009b1505054af4aa9d421d,5,5
0.293,2016-02-11T12:35:37.000Z,Project_Bang_39.SC2Map,47936799,26,32x32,2,2,89384|Swarm(Camp)|9,1ac6e929c0f875e5bbfc29888125449ab8f1e789b2009b1505054af4aa9d421d,5,5
0.294,2016-02-12T10:03:31.000Z,Project_Bang_39.SC2Map,48369199,432400,32x32,2,2,89384|Swarm(Camp)|9,1ac6e929c0f875e5bbfc29888125449ab8f1e789b2009b1505054af4aa9d421d,5,5
0.295,2016-02-12T13:46:02.000Z,Project_Bang_39.SC2Map,48368953,-246,32x32,2,2,89384|Swarm(Camp)|9,1ac6e929c0f875e5bbfc29888125449ab8f1e789b2009b1505054af4aa9d421d,5,5
0.296,2016-02-14T04:17:16.000Z,Project_Bang_39.SC2Map,48373119,4166,32x32,2,2,89384|Swarm(Camp)|9,1ac6e929c0f875e5bbfc29888125449ab8f1e789b2009b1505054af4aa9d421d,5,5
0.297,2016-02-14T04:22:42.000Z,Project_Bang_39.SC2Map,48373115,-4,32x32,2,2,89384|Swarm(Camp)|9,1ac6e929c0f875e5bbfc29888125449ab8f1e789b2009b1505054af4aa9d421d,5,5
0.298,2016-02-21T06:48:18.000Z,Project_Bang_39.SC2Map,48372757,-358,32x32,2,2,89384|Swarm(Camp)|9,1ac6e929c0f875e5bbfc29888125449ab8f1e789b2009b1505054af4aa9d421d,5,5
0.299,2016-02-21T09:14:36.000Z,Project_Bang_39.SC2Map,48372797,40,32x32,2,2,89384|Swarm(Camp)|9,1ac6e929c0f875e5bbfc29888125449ab8f1e789b2009b1505054af4aa9d421d,5,5
0.300,2016-02-28T05:45:34.000Z,Project_Bang_39.SC2Map,48373059,262,32x32,2,2,89384|Swarm(Camp)|9,1ac6e929c0f875e5bbfc29888125449ab8f1e789b2009b1505054af4aa9d421d,5,5
0.301,2016-02-29T11:31:19.000Z,Project_Bang_39.SC2Map,48373332,273,32x32,2,2,89384|Swarm(Camp)|9,1ac6e929c0f875e5bbfc29888125449ab8f1e789b2009b1505054af4aa9d421d,5,5
0.302,2016-03-10T12:58:50.000Z,Project_Bang_39.SC2Map,48374828,1496,32x32,2,2,89384|Swarm(Camp)|9,1ac6e929c0f875e5bbfc29888125449ab8f1e789b2009b1505054af4aa9d421d,5,5
0.303,2016-03-17T12:11:25.000Z,Project_Bang_39.SC2Map,48374263,-565,32x32,2,2,89384|Swarm(Camp)|9,1ac6e929c0f875e5bbfc29888125449ab8f1e789b2009b1505054af4aa9d421d,5,5
0.304,2016-03-20T10:44:35.000Z,Project_Bang_39.SC2Map,48375262,999,32x32,2,2,89384|Swarm(Camp)|9,1ac6e929c0f875e5bbfc29888125449ab8f1e789b2009b1505054af4aa9d421d,5,5
0.305,2016-03-23T13:11:44.000Z,Project_Bang_39.SC2Map,48375811,549,32x32,2,2,89384|Swarm(Camp)|9,1ac6e929c0f875e5bbfc29888125449ab8f1e789b2009b1505054af4aa9d421d,5,5
0.306,2016-04-02T13:54:23.000Z,Project_Bang_39.SC2Map,48375277,-534,32x32,2,2,89384|Swarm(Camp)|9,1ac6e929c0f875e5bbfc29888125449ab8f1e789b2009b1505054af4aa9d421d,5,5
0.307,2016-04-17T10:05:23.000Z,Project_Bang_39.SC2Map,48376019,742,32x32,2,2,89384|Swarm(Camp)|9,1ac6e929c0f875e5bbfc29888125449ab8f1e789b2009b1505054af4aa9d421d,5,5
0.308,2016-04-24T11:27:54.000Z,Project_Bang_39.SC2Map,48376314,295,32x32,2,2,89384|Swarm(Camp)|9,1ac6e929c0f875e5bbfc29888125449ab8f1e789b2009b1505054af4aa9d421d,5,5
0.309,2016-05-23T14:44:25.000Z,Project_Bang_39.SC2Map,48377217,903,32x32,4,4,89384|Swarm(Camp)|9,e50d1138f03b7b6dc4193de588a1185f2a6b6aa177f8cc1b8a661095e3b3ee6e,5,5
0.310,2016-06-29T14:01:02.000Z,Project_Bang_39.SC2Map,48371452,-5765,32x32,2,2,89384|Swarm(Camp)|9,1ac6e929c0f875e5bbfc29888125449ab8f1e789b2009b1505054af4aa9d421d,5,5
0.311,2016-07-21T12:00:12.000Z,Project_Bang_40.SC2Map,48390866,19414,32x32,2,2,89384|Swarm(Camp)|9,b56a5ab9b0363ba887cef24d70b26a9d60a9e763aa1950d982c1051cd343cb2b,5,5
0.312,2016-07-25T13:54:02.000Z,Project_Bang_40.SC2Map,48402443,11577,32x32,2,2,89384|Swarm(Camp)|9,7e601f59a559bba86854e40313403aeb729dd228159828552fdc03dbbc2a3f61,5,5
0.313,2016-07-26T10:48:07.000Z,Project_Bang_40.SC2Map,48402271,-172,32x32,2,2,89384|Swarm(Camp)|9,7e601f59a559bba86854e40313403aeb729dd228159828552fdc03dbbc2a3f61,5,5
0.314,2016-07-28T12:16:02.000Z,Project_Bang_40.SC2Map,48403188,917,32x32,2,2,89384|Swarm(Camp)|9,7e601f59a559bba86854e40313403aeb729dd228159828552fdc03dbbc2a3f61,5,5
0.315,2016-08-01T12:30:46.000Z,Project_Bang_40.SC2Map,48609721,206533,32x32,4,4,89384|Swarm(Camp)|9,3a166034dad2d3c8abaf0c78addc7a0cd433d14bc2991987c0253b17504d1434,5,5
0.316,2016-08-01T16:12:49.000Z,Project_Bang_40.SC2Map,48609633,-88,32x32,2,2,89384|Swarm(Camp)|9,7e601f59a559bba86854e40313403aeb729dd228159828552fdc03dbbc2a3f61,5,5
0.317,2016-08-03T10:23:21.000Z,Project_Bang_40.SC2Map,48609079,-554,32x32,2,2,89384|Swarm(Camp)|9,7e601f59a559bba86854e40313403aeb729dd228159828552fdc03dbbc2a3f61,5,5
0.318,2016-08-03T11:22:55.000Z,Project_Bang_40.SC2Map,48608751,-328,32x32,2,2,89384|Swarm(Camp)|9,7e601f59a559bba86854e40313403aeb729dd228159828552fdc03dbbc2a3f61,5,5
0.319,2016-08-03T12:45:30.000Z,Project_Bang_40.SC2Map,48608916,165,32x32,2,2,89384|Swarm(Camp)|9,7e601f59a559bba86854e40313403aeb729dd228159828552fdc03dbbc2a3f61,5,5
0.320,2016-10-08T00:16:37.000Z,Project_Bang_41.SC2Map,48620160,11244,32x32,2,2,89384|Swarm(Camp)|9,7e601f59a559bba86854e40313403aeb729dd228159828552fdc03dbbc2a3f61,5,5
0.321,2016-10-09T08:38:50.000Z,Project_Bang_41.SC2Map,48620155,-5,32x32,2,2,89384|Swarm(Camp)|9,7e601f59a559bba86854e40313403aeb729dd228159828552fdc03dbbc2a3f61,5,5
0.322,2016-11-17T12:48:12.000Z,Project_Bang_41.SC2Map,48620353,198,32x32,2,2,89384|Swarm(Camp)|9,7e601f59a559bba86854e40313403aeb729dd228159828552fdc03dbbc2a3f61,5,5
0.323,2016-12-27T12:46:20.000Z,Project_Bang_41.SC2Map,48623159,2806,32x32,2,2,89384|Swarm(Camp)|9,7e601f59a559bba86854e40313403aeb729dd228159828552fdc03dbbc2a3f61,5,5
0.324,2017-01-02T12:10:52.000Z,Project_Bang_41.SC2Map,48623061,-98,32x32,2,2,89384|Swarm(Camp)|9,7e601f59a559bba86854e40313403aeb729dd228159828552fdc03dbbc2a3f61,5,5
0.325,2017-02-21T14:17:24.000Z,Project_Bang_41.SC2Map,48631513,8452,32x32,2,2,89384|Swarm(Camp)|9,7e601f59a559bba86854e40313403aeb729dd228159828552fdc03dbbc2a3f61,5,5
0.326,2017-02-22T13:21:18.000Z,Project_Bang_41.SC2Map,48628638,-2875,32x32,2,2,89384|Swarm(Camp)|9,7e601f59a559bba86854e40313403aeb729dd228159828552fdc03dbbc2a3f61,5,5
0.327,2017-02-23T14:06:58.000Z,Project_Bang_42.SC2Map,48629224,586,32x32,2,2,89384|Swarm(Camp)|9,2785cf6647ad0eb2a6150b82f1645134736efd423d5e71c0c8cd9fd866f63155,5,5
0.328,2017-02-25T05:02:50.000Z,Project_Bang_42.SC2Map,48630575,1351,32x32,2,2,89384|Swarm(Camp)|9,2785cf6647ad0eb2a6150b82f1645134736efd423d5e71c0c8cd9fd866f63155,5,5
0.329,2017-02-25T08:03:15.000Z,Project_Bang_42.SC2Map,48630573,-2,32x32,2,2,89384|Swarm(Camp)|9,2785cf6647ad0eb2a6150b82f1645134736efd423d5e71c0c8cd9fd866f63155,5,5
0.330,2017-02-25T08:32:09.000Z,Project_Bang_42.SC2Map,48630610,37,32x32,2,2,89384|Swarm(Camp)|9,2785cf6647ad0eb2a6150b82f1645134736efd423d5e71c0c8cd9fd866f63155,5,5
0.331,2017-02-26T11:49:05.000Z,Project_Bang_42.SC2Map,48635689,5079,32x32,2,2,89384|Swarm(Camp)|9,2785cf6647ad0eb2a6150b82f1645134736efd423d5e71c0c8cd9fd866f63155,5,5
0.332,2017-02-26T12:47:21.000Z,Project_Bang_42.SC2Map,48635931,242,32x32,2,2,89384|Swarm(Camp)|9,2785cf6647ad0eb2a6150b82f1645134736efd423d5e71c0c8cd9fd866f63155,5,5
0.333,2017-02-26T13:36:42.000Z,Project_Bang_42.SC2Map,48635954,23,32x32,2,2,89384|Swarm(Camp)|9,2785cf6647ad0eb2a6150b82f1645134736efd423d5e71c0c8cd9fd866f63155,5,5
0.334,2017-03-01T13:37:27.000Z,Project_Bang_42.SC2Map,48636385,431,32x32,2,2,89384|Swarm(Camp)|9,2785cf6647ad0eb2a6150b82f1645134736efd423d5e71c0c8cd9fd866f63155,5,5
0.335,2017-03-19T03:45:20.000Z,Project_Bang_42.SC2Map,48634257,-2128,32x32,2,2,89384|Swarm(Camp)|9,0c8194004e97a4d36310df0c069c993a1954a183773b44f13b8eae95d93ea7c2,5,5
0.336,2017-03-31T14:07:00.000Z,Project_Bang_43.SC2Map,49216527,582270,32x32,2,2,89384|Swarm(Camp)|9,0ef08cb892360a386442b2cefd47ae7620e0e2d8fcab87199f46ce94451c4761,5,5
0.337,2017-04-10T13:52:04.000Z,Project_Bang_43.SC2Map,49219266,2739,32x32,2,2,89384|Swarm(Camp)|9,0ef08cb892360a386442b2cefd47ae7620e0e2d8fcab87199f46ce94451c4761,5,5
0.338,2017-05-01T13:28:00.000Z,Project_Bang_43.SC2Map,49218095,-1171,32x32,2,2,89384|Swarm(Camp)|9,0ef08cb892360a386442b2cefd47ae7620e0e2d8fcab87199f46ce94451c4761,5,5
0.339,2017-06-04T12:45:07.000Z,Project_Bang_43.SC2Map,49221426,3331,32x32,2,2,89384|Swarm(Camp)|9,0ef08cb892360a386442b2cefd47ae7620e0e2d8fcab87199f46ce94451c4761,5,5
0.340,2017-06-05T12:39:13.000Z,Project_Bang_43.SC2Map,49221646,220,32x32,2,2,89384|Swarm(Camp)|9,0ef08cb892360a386442b2cefd47ae7620e0e2d8fcab87199f46ce94451c4761,5,5
0.341,2017-06-17T11:05:41.000Z,Project_Bang_43.SC2Map,49222162,516,32x32,2,2,89384|Swarm(Camp)|9,0ef08cb892360a386442b2cefd47ae7620e0e2d8fcab87199f46ce94451c4761,5,5
0.342,2017-06-24T10:31:44.000Z,Project_Bang_43.SC2Map,49229598,7436,32x32,2,2,89384|Swarm(Camp)|9,0ef08cb892360a386442b2cefd47ae7620e0e2d8fcab87199f46ce94451c4761,5,5
0.343,2017-08-02T13:44:06.000Z,Project_Bang_43.SC2Map,49232492,2894,32x32,2,2,89384|Swarm(Camp)|9,0ef08cb892360a386442b2cefd47ae7620e0e2d8fcab87199f46ce94451c4761,5,5
0.344,2017-08-08T13:37:37.000Z,Project_Bang_43.SC2Map,49233087,595,32x32,2,2,89384|Swarm(Camp)|9,0ef08cb892360a386442b2cefd47ae7620e0e2d8fcab87199f46ce94451c4761,5,5
0.345,2017-10-06T03:35:52.000Z,Project_Bang_43.SC2Map,49233826,739,32x32,2,2,89384|Swarm(Camp)|9,0ef08cb892360a386442b2cefd47ae7620e0e2d8fcab87199f46ce94451c4761,5,5
0.346,2017-10-13T12:41:30.000Z,Project_Bang_43.SC2Map,49233513,-313,32x32,2,2,89384|Swarm(Camp)|9,0ef08cb892360a386442b2cefd47ae7620e0e2d8fcab87199f46ce94451c4761,5,5
0.347,2017-11-16T14:05:01.000Z,Project_Bang_43.SC2Map,49231322,-2191,32x32,2,2,89384|Swarm(Camp)|9,0ef08cb892360a386442b2cefd47ae7620e0e2d8fcab87199f46ce94451c4761,5,5
0.348,2017-11-19T11:09:33.000Z,Project_Bang_43.SC2Map,49231723,401,32x32,2,2,89384|Swarm(Camp)|9,bc7efd447167bd943b7b22137b0653b344241fc1908265e62a674d0583d95a9c,5,5
0.349,2017-12-06T14:06:01.000Z,Project_Bang_43.SC2Map,49248764,17041,32x32,2,2,89384|Swarm(Camp)|9,bc7efd447167bd943b7b22137b0653b344241fc1908265e62a674d0583d95a9c,5,5
0.350,2017-12-06T14:10:06.000Z,Project_Bang_43.SC2Map,49248954,190,32x32,2,2,89384|Swarm(Camp)|9,bc7efd447167bd943b7b22137b0653b344241fc1908265e62a674d0583d95a9c,5,5
0.351,2018-01-23T13:11:22.000Z,Project_Bang_43.SC2Map,49249054,100,32x32,2,2,89384|Swarm(Camp)|9,bc7efd447167bd943b7b22137b0653b344241fc1908265e62a674d0583d95a9c,5,5
0.352,2018-01-25T11:47:47.000Z,Project_Bang_43.SC2Map,49250162,1108,32x32,2,2,89384|Swarm(Camp)|9,bc7efd447167bd943b7b22137b0653b344241fc1908265e62a674d0583d95a9c,5,5
0.353,2018-02-03T09:37:17.000Z,Project_Bang_43.SC2Map,49250765,603,32x32,2,2,89384|Swarm(Camp)|9,bc7efd447167bd943b7b22137b0653b344241fc1908265e62a674d0583d95a9c,5,5
0.354,2018-03-03T09:27:51.000Z,Project_Bang_43.SC2Map,49250760,-5,32x32,2,2,89384|Swarm(Camp)|9,bc7efd447167bd943b7b22137b0653b344241fc1908265e62a674d0583d95a9c,5,5
0.355,2018-03-04T03:43:28.000Z,Project_Bang_43.SC2Map,49250416,-344,32x32,2,2,89384|Swarm(Camp)|9,bc7efd447167bd943b7b22137b0653b344241fc1908265e62a674d0583d95a9c,5,5
0.356,2018-04-21T12:59:50.000Z,Project_Bang_43.SC2Map,49251996,1580,32x32,2,2,89384|Swarm(Camp)|9,bc7efd447167bd943b7b22137b0653b344241fc1908265e62a674d0583d95a9c,5,5
0.357,2018-04-21T13:21:33.000Z,Project_Bang_43.SC2Map,49251992,-4,32x32,2,2,89384|Swarm(Camp)|9,bc7efd447167bd943b7b22137b0653b344241fc1908265e62a674d0583d95a9c,5,5
0.358,2018-04-22T12:51:02.000Z,Project_Bang_43.SC2Map,49251683,-309,32x32,2,2,89384|Swarm(Camp)|9,bc7efd447167bd943b7b22137b0653b344241fc1908265e62a674d0583d95a9c,5,5
0.359,2018-04-22T12:59:50.000Z,Project_Bang_43.SC2Map,49251791,108,32x32,2,2,89384|Swarm(Camp)|9,bc7efd447167bd943b7b22137b0653b344241fc1908265e62a674d0583d95a9c,5,5
0.360,2018-06-03T13:57:54.000Z,Project_Bang_43.SC2Map,49253249,1458,32x32,2,2,89384|Swarm(Camp)|9,bc7efd447167bd943b7b22137b0653b344241fc1908265e62a674d0583d95a9c,5,5
0.361,2018-06-10T09:30:33.000Z,Project_Bang_43.SC2Map,49254746,1497,32x32,2,2,89384|Swarm(Camp)|9,b7d8ec3f47c46d53e67f258017c459c83065357343690086f79fc2f7ce7d930c,5,5
0.362,2018-06-10T11:10:19.000Z,Project_Bang_43.SC2Map,49254944,198,32x32,2,2,89384|Swarm(Camp)|9,b7d8ec3f47c46d53e67f258017c459c83065357343690086f79fc2f7ce7d930c,5,5
0.363,2018-07-23T13:33:04.000Z,Project_Bang_43.SC2Map,49254785,-159,32x32,2,2,89384|Swarm(Camp)|9,b7d8ec3f47c46d53e67f258017c459c83065357343690086f79fc2f7ce7d930c,5,5
0.364,2018-07-24T11:48:53.000Z,Project_Bang_43.SC2Map,49255063,278,32x32,2,2,89384|Swarm(Camp)|9,b7d8ec3f47c46d53e67f258017c459c83065357343690086f79fc2f7ce7d930c,5,5
0.365,2018-07-25T13:10:36.000Z,Project_Bang_43.SC2Map,49256180,1117,32x32,2,2,89384|Swarm(Camp)|9,b7d8ec3f47c46d53e67f258017c459c83065357343690086f79fc2f7ce7d930c,5,5
0.366,2018-08-09T14:02:24.000Z,Project_Bang_43.SC2Map,49256979,799,32x32,2,2,89384|Swarm(Camp)|9,b7d8ec3f47c46d53e67f258017c459c83065357343690086f79fc2f7ce7d930c,5,5
0.367,2018-08-28T13:54:27.000Z,Project_Bang_43.SC2Map,48858495,-398484,32x32,2,2,89384|Swarm(Camp)|9,b7d8ec3f47c46d53e67f258017c459c83065357343690086f79fc2f7ce7d930c,5,5
0.368,2018-11-11T09:55:08.000Z,Project_Bang_43_heres_skin.SC2Map,51820466,2961971,32x32,2,2,89384|Swarm(Camp)|9,1e7a3def0340f20fa8f27f4c9b3531a1787e43af70ee3f498d87c735ac16d436,5,5
0.369,2018-11-11T13:54:32.000Z,Project_Bang_43_heres_skin.SC2Map,51789747,-30719,32x32,2,2,89384|Swarm(Camp)|9,1e7a3def0340f20fa8f27f4c9b3531a1787e43af70ee3f498d87c735ac16d436,5,5
0.370,2018-11-12T11:47:35.000Z,Project_Bang_43_heres_skin.SC2Map,51720204,-69543,32x32,2,2,89384|Swarm(Camp)|9,1e7a3def0340f20fa8f27f4c9b3531a1787e43af70ee3f498d87c735ac16d436,5,5
0.371,2019-01-09T13:59:52.000Z,Project_Bang_43_heres_skin.SC2Map,51720239,35,32x32,2,2,89384|Swarm(Camp)|9,1e7a3def0340f20fa8f27f4c9b3531a1787e43af70ee3f498d87c735ac16d436,5,5
0.372,2019-02-20T14:06:12.000Z,Project_Bang_43_heres_skin.SC2Map,51722075,1836,32x32,2,2,89384|Swarm(Camp)|9,1e7a3def0340f20fa8f27f4c9b3531a1787e43af70ee3f498d87c735ac16d436,5,5
0.373,2019-02-27T11:44:48.000Z,Project_Bang_43_heres_skin.SC2Map,51721282,-793,32x32,2,2,89384|Swarm(Camp)|9,1e7a3def0340f20fa8f27f4c9b3531a1787e43af70ee3f498d87c735ac16d436,5,5
0.374,2019-02-28T12:15:55.000Z,Project_Bang_43_heres_skin.SC2Map,51722220,938,32x32,2,2,89384|Swarm(Camp)|9,1e7a3def0340f20fa8f27f4c9b3531a1787e43af70ee3f498d87c735ac16d436,5,5
0.375,2019-03-19T13:47:21.000Z,Project_Bang_43_heres_skin.SC2Map,51723112,892,32x32,2,2,89384|Swarm(Camp)|9,1e7a3def0340f20fa8f27f4c9b3531a1787e43af70ee3f498d87c735ac16d436,5,5
0.376,2019-06-27T16:11:42.000Z,Project_Bang_43_heres_skin.SC2Map,51724278,1166,32x32,2,2,89384|Swarm(Camp)|9,1e7a3def0340f20fa8f27f4c9b3531a1787e43af70ee3f498d87c735ac16d436,5,5
0.377,2019-07-08T09:22:31.000Z,Project_Bang_43_heres_skin.SC2Map,51724302,24,32x32,2,2,89384|Swarm(Camp)|9,1e7a3def0340f20fa8f27f4c9b3531a1787e43af70ee3f498d87c735ac16d436,5,5
0.378,2019-07-13T16:21:46.000Z,Project_Bang_43.SC2Map,48861921,-2862381,32x32,2,2,89384|Swarm(Camp)|9,b7d8ec3f47c46d53e67f258017c459c83065357343690086f79fc2f7ce7d930c,5,5
0.379,2019-07-13T16:49:49.000Z,Project_Bang_45.SC2Map,48862026,105,32x32,2,2,89384|Swarm(Camp)|9,b7d8ec3f47c46d53e67f258017c459c83065357343690086f79fc2f7ce7d930c,5,5
0.380,2019-07-14T10:25:22.000Z,Project_Bang_45.SC2Map,48862976,950,32x32,2,2,89384|Swarm(Camp)|9,b7d8ec3f47c46d53e67f258017c459c83065357343690086f79fc2f7ce7d930c,5,5
0.381,2019-07-17T15:58:36.000Z,Project_Bang_45.SC2Map,48863426,450,32x32,2,2,89384|Swarm(Camp)|9,b7d8ec3f47c46d53e67f258017c459c83065357343690086f79fc2f7ce7d930c,5,5
0.382,2019-07-20T05:01:06.000Z,Project_Bang_45.SC2Map,48863636,210,32x32,2,2,89384|Swarm(Camp)|9,b7d8ec3f47c46d53e67f258017c459c83065357343690086f79fc2f7ce7d930c,5,5
0.383,2019-07-29T09:21:53.000Z,Project_Bang_45.SC2Map,48863438,-198,32x32,2,2,89384|Swarm(Camp)|9,b7d8ec3f47c46d53e67f258017c459c83065357343690086f79fc2f7ce7d930c,5,5
0.384,2019-07-29T15:29:06.000Z,Project_Bang_45.SC2Map,48863358,-80,32x32,2,2,89384|Swarm(Camp)|9,b7d8ec3f47c46d53e67f258017c459c83065357343690086f79fc2f7ce7d930c,5,5
0.385,2019-07-29T17:15:34.000Z,Project_Bang_45.SC2Map,48863329,-29,32x32,2,2,89384|Swarm(Camp)|9,b7d8ec3f47c46d53e67f258017c459c83065357343690086f79fc2f7ce7d930c,5,5
0.386,2019-08-01T11:51:41.000Z,Project_Bang_45.SC2Map,48862863,-466,32x32,2,2,89384|Swarm(Camp)|9,b7d8ec3f47c46d53e67f258017c459c83065357343690086f79fc2f7ce7d930c,5,5
0.387,2019-08-01T12:04:59.000Z,Project_Bang_45.SC2Map,48862698,-165,32x32,2,2,89384|Swarm(Camp)|9,b7d8ec3f47c46d53e67f258017c459c83065357343690086f79fc2f7ce7d930c,5,5
0.388,2019-08-05T16:30:15.000Z,Project_Bang_45.SC2Map,48862684,-14,32x32,2,2,89384|Swarm(Camp)|9,b7d8ec3f47c46d53e67f258017c459c83065357343690086f79fc2f7ce7d930c,5,5
0.389,2019-08-08T14:30:30.000Z,Project_Bang_45.SC2Map,48864335,1651,32x32,2,2,89384|Swarm(Camp)|9,b7d8ec3f47c46d53e67f258017c459c83065357343690086f79fc2f7ce7d930c,5,5
0.390,2019-08-08T15:01:13.000Z,Project_Bang_45.SC2Map,48864765,430,32x32,2,2,89384|Swarm(Camp)|9,b7d8ec3f47c46d53e67f258017c459c83065357343690086f79fc2f7ce7d930c,5,5
0.391,2019-08-29T15:47:19.000Z,Project_Bang_45.SC2Map,48865945,1180,32x32,2,2,89384|Swarm(Camp)|9,b7d8ec3f47c46d53e67f258017c459c83065357343690086f79fc2f7ce7d930c,5,5
0.392,2019-09-01T09:05:57.000Z,Project_Bang_45.SC2Map,48865964,19,32x32,2,2,89384|Swarm(Camp)|9,b7d8ec3f47c46d53e67f258017c459c83065357343690086f79fc2f7ce7d930c,5,5
0.393,2019-09-01T10:46:31.000Z,Project_Bang_45.SC2Map,48865936,-28,32x32,2,2,89384|Swarm(Camp)|9,b7d8ec3f47c46d53e67f258017c459c83065357343690086f79fc2f7ce7d930c,5,5
0.394,2019-09-03T12:03:40.000Z,Project_Bang_45.SC2Map,48866772,836,32x32,2,2,89384|Swarm(Camp)|9,b7d8ec3f47c46d53e67f258017c459c83065357343690086f79fc2f7ce7d930c,5,5
0.395,2019-09-05T12:41:34.000Z,Project_Bang_45.SC2Map,48866718,-54,32x32,2,2,89384|Swarm(Camp)|9,b7d8ec3f47c46d53e67f258017c459c83065357343690086f79fc2f7ce7d930c,5,5
0.396,2019-09-08T11:19:34.000Z,Project_Bang_45.SC2Map,48867084,366,32x32,2,2,89384|Swarm(Camp)|9,b7d8ec3f47c46d53e67f258017c459c83065357343690086f79fc2f7ce7d930c,5,5
0.397,2019-09-10T16:47:34.000Z,Project_Bang_45.SC2Map,48868899,1815,32x32,2,2,89384|Swarm(Camp)|9,b7d8ec3f47c46d53e67f258017c459c83065357343690086f79fc2f7ce7d930c,5,5
0.398,2019-09-19T12:09:51.000Z,Project_Bang_45.SC2Map,49444367,575468,32x32,2,2,89384|Swarm(Camp)|9,b7d8ec3f47c46d53e67f258017c459c83065357343690086f79fc2f7ce7d930c,5,5
0.399,2019-09-23T12:48:45.000Z,Project_Bang_45.SC2Map,49444640,273,32x32,2,2,89384|Swarm(Camp)|9,b7d8ec3f47c46d53e67f258017c459c83065357343690086f79fc2f7ce7d930c,5,5
0.400,2019-09-27T16:34:22.000Z,Project_Bang_45.SC2Map,49445335,695,32x32,2,2,89384|Swarm(Camp)|9,b7d8ec3f47c46d53e67f258017c459c83065357343690086f79fc2f7ce7d930c,5,5
0.401,2019-09-28T10:27:00.000Z,Project_Bang_45.SC2Map,49445417,82,32x32,2,2,89384|Swarm(Camp)|9,b7d8ec3f47c46d53e67f258017c459c83065357343690086f79fc2f7ce7d930c,5,5
0.402,2019-10-01T12:02:43.000Z,Project_Bang_46_ReBuild.SC2Map,49239511,-205906,32x32,3,2,89384|Swarm(Camp)|Teams08(Mod),a019c0059fbfec0416b72f90fe0f06cb3a10ecf0b682343ace90cc8aefbb6b33,5,5
0.403,2019-10-01T13:23:03.000Z,Project_Bang_45.SC2Map,49445417,205906,32x32,2,2,89384|Swarm(Camp)|9,b7d8ec3f47c46d53e67f258017c459c83065357343690086f79fc2f7ce7d930c,5,5
0.404,2019-10-02T12:02:38.000Z,Project_Bang_45.SC2Map,49446053,636,32x32,2,2,89384|Swarm(Camp)|9,b7d8ec3f47c46d53e67f258017c459c83065357343690086f79fc2f7ce7d930c,5,5
0.405,2019-10-02T16:11:18.000Z,Project_Bang_46_ReBuild.SC2Map,49238006,-208047,32x32,3,2,89384|Swarm(Camp)|Teams08(Mod),a019c0059fbfec0416b72f90fe0f06cb3a10ecf0b682343ace90cc8aefbb6b33,5,5
0.406,2019-10-02T16:52:24.000Z,Project_Bang_46_ReBuild.SC2Map,49238409,403,32x32,3,2,89384|Swarm(Camp)|Teams08(Mod),a019c0059fbfec0416b72f90fe0f06cb3a10ecf0b682343ace90cc8aefbb6b33,5,5
0.407,2019-10-02T17:41:45.000Z,Project_Bang_45.SC2Map,49446053,207644,32x32,2,2,89384|Swarm(Camp)|9,b7d8ec3f47c46d53e67f258017c459c83065357343690086f79fc2f7ce7d930c,5,5
0.408,2019-10-02T17:42:54.000Z,Project_Bang_45.SC2Map,49446053,0,32x32,2,2,89384|Swarm(Camp)|9,b7d8ec3f47c46d53e67f258017c459c83065357343690086f79fc2f7ce7d930c,5,5
0.409,2019-10-05T11:41:09.000Z,Project_Bang_45.SC2Map,49452128,6075,32x32,2,3,89384|Swarm(Camp)|9,e43c8d15f5bc9a4611353e8c5bd9683f4fa7ea35fd96d8534a10a0333a892b86,5,5
0.410,2019-10-06T14:38:00.000Z,Project_Bang_46_ReBuild.SC2Map,51459461,2007333,32x32,3,2,89384|Swarm(Camp)|Teams08(Mod),a019c0059fbfec0416b72f90fe0f06cb3a10ecf0b682343ace90cc8aefbb6b33,5,5
0.411,2019-10-06T15:19:47.000Z,Project_Bang_46_ReBuild.SC2Map,51458649,-812,32x32,3,2,89384|Swarm(Camp)|Teams08(Mod),a019c0059fbfec0416b72f90fe0f06cb3a10ecf0b682343ace90cc8aefbb6b33,5,5
0.412,2019-10-06T18:07:34.000Z,Project_Bang_46_ReBuild.SC2Map,51459320,671,32x32,3,2,89384|Swarm(Camp)|Teams08(Mod),a019c0059fbfec0416b72f90fe0f06cb3a10ecf0b682343ace90cc8aefbb6b33,5,5
0.413,2019-10-07T15:04:51.000Z,Project_Bang_46_ReBuild.SC2Map,51466950,7630,32x32,3,2,89384|Swarm(Camp)|Teams08(Mod),a019c0059fbfec0416b72f90fe0f06cb3a10ecf0b682343ace90cc8aefbb6b33,5,5
0.414,2019-10-07T17:03:12.000Z,Project_Bang_46_ReBuild.SC2Map,51467783,833,32x32,3,2,89384|Swarm(Camp)|Teams08(Mod),a019c0059fbfec0416b72f90fe0f06cb3a10ecf0b682343ace90cc8aefbb6b33,5,5
0.415,2019-10-08T15:10:01.000Z,Project_Bang_46_ReBuild.SC2Map,51468893,1110,32x32,3,2,89384|Swarm(Camp)|Teams08(Mod),a019c0059fbfec0416b72f90fe0f06cb3a10ecf0b682343ace90cc8aefbb6b33,5,5
0.416,2019-10-08T15:17:25.000Z,Project_Bang_46_ReBuild.SC2Map,51468590,-303,32x32,3,2,89384|Swarm(Camp)|Teams08(Mod),a019c0059fbfec0416b72f90fe0f06cb3a10ecf0b682343ace90cc8aefbb6b33,5,5
0.417,2019-10-08T16:20:54.000Z,Project_Bang_46_ReBuild.SC2Map,51470484,1894,32x32,3,2,89384|Swarm(Camp)|Teams08(Mod),a019c0059fbfec0416b72f90fe0f06cb3a10ecf0b682343ace90cc8aefbb6b33,5,5
0.418,2019-10-10T13:18:01.000Z,Project_Bang_46_ReBuild.SC2Map,51460013,-10471,32x32,3,2,89384|Swarm(Camp)|Teams08(Mod),16e2cf4cc9d8cd571de482fb39a0698df3cee3fd65a3ed24b1f7e1718241bf9c,5,5
0.419,2019-10-10T16:53:53.000Z,Project_Bang_46_ReBuild.SC2Map,51460703,690,32x32,3,2,89384|Swarm(Camp)|Teams08(Mod),fd9a0732dcdad76647bf0a5772f203ba91a050f8572117ea4eae5b5bf0774b77,5,5
0.420,2019-10-11T14:08:59.000Z,Project_Bang_46_ReBuild.SC2Map,51460210,-493,32x32,3,2,89384|Swarm(Camp)|Teams08(Mod),fd9a0732dcdad76647bf0a5772f203ba91a050f8572117ea4eae5b5bf0774b77,5,5
0.421,2019-10-11T19:05:24.000Z,Project_Bang_46_ReBuild.SC2Map,51460249,39,32x32,3,2,89384|Swarm(Camp)|Teams08(Mod),fd9a0732dcdad76647bf0a5772f203ba91a050f8572117ea4eae5b5bf0774b77,5,5
0.422,2019-10-15T18:32:45.000Z,Project_Bang_46_ReBuild.SC2Map,51459758,-491,32x32,3,2,89384|Swarm(Camp)|Teams08(Mod),c7216b293dac13fcdf43987dbe8c81393802aac23bbf677a7d57d196eb31c60a,5,5
0.423,2019-10-17T14:38:13.000Z,Project_Bang_46_ReBuild.SC2Map,51463214,3456,32x32,3,2,89384|Swarm(Camp)|Teams08(Mod),c7216b293dac13fcdf43987dbe8c81393802aac23bbf677a7d57d196eb31c60a,5,5
0.424,2019-10-18T10:12:02.000Z,Project_Bang_46_ReBuild.SC2Map,51463367,153,32x32,3,2,89384|Swarm(Camp)|Teams08(Mod),c7216b293dac13fcdf43987dbe8c81393802aac23bbf677a7d57d196eb31c60a,5,5
0.425,2019-10-23T12:00:19.000Z,Project_Bang_46_ReBuild.SC2Map,51429103,-34264,32x32,3,2,89384|Swarm(Camp)|Teams08(Mod),c7216b293dac13fcdf43987dbe8c81393802aac23bbf677a7d57d196eb31c60a,5,5
0.426,2019-10-23T12:53:28.000Z,Project_Bang_46_ReBuild.SC2Map,51429158,55,32x32,3,2,89384|Swarm(Camp)|Teams08(Mod),c7216b293dac13fcdf43987dbe8c81393802aac23bbf677a7d57d196eb31c60a,5,5
0.427,2019-10-23T14:27:53.000Z,Project_Bang_46_ReBuild.SC2Map,51429540,382,32x32,3,2,89384|Swarm(Camp)|Teams08(Mod),c7216b293dac13fcdf43987dbe8c81393802aac23bbf677a7d57d196eb31c60a,5,5
0.428,2019-10-25T13:22:34.000Z,Project_Bang_46_ReBuild.SC2Map,51429094,-446,32x32,3,2,89384|Swarm(Camp)|Teams08(Mod),c7216b293dac13fcdf43987dbe8c81393802aac23bbf677a7d57d196eb31c60a,5,5
0.429,2019-11-03T11:30:19.000Z,Project_Bang_46_ReBuild.SC2Map,51538279,109185,32x32,3,2,89384|Swarm(Camp)|Teams08(Mod),f30ffa742654f07483e08041fc57e7341a1e37e825ab19ebeea93c55fd9714bd,5,5
0.430,2019-11-03T14:07:24.000Z,Project_Bang_46_ReBuild.SC2Map,51537476,-803,32x32,3,2,89384|Swarm(Camp)|Teams08(Mod),f30ffa742654f07483e08041fc57e7341a1e37e825ab19ebeea93c55fd9714bd,5,5
0.431,2019-11-03T15:40:48.000Z,Project_Bang_46_ReBuild.SC2Map,51537306,-170,32x32,3,2,89384|Swarm(Camp)|Teams08(Mod),f30ffa742654f07483e08041fc57e7341a1e37e825ab19ebeea93c55fd9714bd,5,5
0.432,2019-11-03T16:33:04.000Z,Project_Bang_46_ReBuild.SC2Map,51537033,-273,32x32,3,2,89384|Swarm(Camp)|Teams08(Mod),f30ffa742654f07483e08041fc57e7341a1e37e825ab19ebeea93c55fd9714bd,5,5
0.433,2019-11-04T13:01:08.000Z,Project_Bang_46_ReBuild.SC2Map,51536098,-935,32x32,3,2,89384|Swarm(Camp)|Teams08(Mod),f30ffa742654f07483e08041fc57e7341a1e37e825ab19ebeea93c55fd9714bd,5,5
0.434,2019-11-04T13:46:53.000Z,Project_Bang_46_ReBuild.SC2Map,51536459,361,32x32,3,2,89384|Swarm(Camp)|Teams08(Mod),f30ffa742654f07483e08041fc57e7341a1e37e825ab19ebeea93c55fd9714bd,5,5
0.435,2019-11-04T14:43:06.000Z,Project_Bang_46_ReBuild.SC2Map,51536445,-14,32x32,3,2,89384|Swarm(Camp)|Teams08(Mod),f30ffa742654f07483e08041fc57e7341a1e37e825ab19ebeea93c55fd9714bd,5,5
0.436,2019-11-04T16:49:35.000Z,Project_Bang_46_ReBuild.SC2Map,51537599,1154,32x32,3,2,89384|Swarm(Camp)|Teams08(Mod),f30ffa742654f07483e08041fc57e7341a1e37e825ab19ebeea93c55fd9714bd,5,5
0.437,2019-11-05T12:56:41.000Z,Project_Bang_46_ReBuild.SC2Map,51548597,10998,32x32,3,2,89384|Swarm(Camp)|Teams08(Mod),f30ffa742654f07483e08041fc57e7341a1e37e825ab19ebeea93c55fd9714bd,5,5
0.438,2019-11-05T13:33:56.000Z,Project_Bang_46_ReBuild.SC2Map,51548488,-109,32x32,3,2,89384|Swarm(Camp)|Teams08(Mod),f30ffa742654f07483e08041fc57e7341a1e37e825ab19ebeea93c55fd9714bd,5,5
0.439,2019-11-05T14:52:15.000Z,Project_Bang_47_ReBuild.SC2Map,51547828,-660,32x32,3,2,89384|Teams08(Mod),f30ffa742654f07483e08041fc57e7341a1e37e825ab19ebeea93c55fd9714bd,5,5
0.440,2019-11-05T16:03:46.000Z,Project_Bang_46_ReBuild.SC2Map,51550144,2316,32x32,3,2,89384|Swarm(Camp)|Teams08(Mod),f30ffa742654f07483e08041fc57e7341a1e37e825ab19ebeea93c55fd9714bd,5,5
0.441,2019-11-05T16:22:40.000Z,Project_Bang_46_ReBuild.SC2Map,51549056,-1088,32x32,3,2,89384|Swarm(Camp)|Teams08(Mod),f30ffa742654f07483e08041fc57e7341a1e37e825ab19ebeea93c55fd9714bd,5,5
0.442,2019-11-06T14:38:20.000Z,Project_Bang_46_ReBuild.SC2Map,51546815,-2241,32x32,3,2,89384|Swarm(Camp)|Teams08(Mod),f30ffa742654f07483e08041fc57e7341a1e37e825ab19ebeea93c55fd9714bd,5,5
0.443,2019-11-06T15:59:37.000Z,Project_Bang_46_ReBuild.SC2Map,51545362,-1453,32x32,3,2,89384|Swarm(Camp)|Teams08(Mod),f30ffa742654f07483e08041fc57e7341a1e37e825ab19ebeea93c55fd9714bd,5,5
0.444,2019-11-06T17:10:37.000Z,Project_Bang_46_ReBuild.SC2Map,51546113,751,32x32,3,2,89384|Swarm(Camp)|Teams08(Mod),f30ffa742654f07483e08041fc57e7341a1e37e825ab19ebeea93c55fd9714bd,5,5
0.445,2019-11-06T17:11:43.000Z,Project_Bang_46_ReBuild.SC2Map,51546113,0,32x32,3,2,89384|Swarm(Camp)|Teams08(Mod),f30ffa742654f07483e08041fc57e7341a1e37e825ab19ebeea93c55fd9714bd,5,5
0.446,2019-11-07T12:49:15.000Z,Project_Bang_46_ReBuild.SC2Map,51547291,1178,32x32,3,2,89384|Swarm(Camp)|Teams08(Mod),f30ffa742654f07483e08041fc57e7341a1e37e825ab19ebeea93c55fd9714bd,5,5
0.447,2019-11-07T14:59:58.000Z,Project_Bang_46_ReBuild.SC2Map,51549056,1765,32x32,3,2,89384|Swarm(Camp)|Teams08(Mod),f30ffa742654f07483e08041fc57e7341a1e37e825ab19ebeea93c55fd9714bd,5,5
0.448,2019-11-08T17:26:46.000Z,Project_Bang_46_ReBuild.SC2Map,51552304,3248,32x32,3,2,89384|Swarm(Camp)|Teams08(Mod),f30ffa742654f07483e08041fc57e7341a1e37e825ab19ebeea93c55fd9714bd,5,5
0.449,2019-11-08T18:45:48.000Z,Project_Bang_46_ReBuild.SC2Map,51552686,382,32x32,3,2,89384|Swarm(Camp)|Teams08(Mod),f30ffa742654f07483e08041fc57e7341a1e37e825ab19ebeea93c55fd9714bd,5,5
0.450,2019-11-09T13:04:55.000Z,Project_Bang_46_ReBuild.SC2Map,51559692,7006,32x32,3,2,89384|Swarm(Camp)|Teams08(Mod),9ae876582b9d8436a0a3441efd48226bc367c7bb356b6c5e5dde9af6968a0c45,5,5
0.451,2019-11-09T14:11:51.000Z,Project_Bang_46_ReBuild.SC2Map,51559487,-205,32x32,3,2,89384|Swarm(Camp)|Teams08(Mod),f77396a03361433381804ec663aca530105eb4aa2e041537dc469bda8656db95,5,5
0.452,2019-11-09T19:03:08.000Z,Project_Bang_46_ReBuild.SC2Map,51559618,131,32x32,3,2,89384|Swarm(Camp)|Teams08(Mod),f77396a03361433381804ec663aca530105eb4aa2e041537dc469bda8656db95,5,5
0.453,2019-11-12T13:07:46.000Z,Project_Bang_46_ReBuild.SC2Map,51561718,2100,32x32,3,2,89384|Swarm(Camp)|Teams08(Mod),40c9524e055d3ad7f57ca82c0553659b9b34cebd4be57ecf89da71b4854abbe1,5,5
0.454,2019-11-12T13:12:38.000Z,Project_Bang_46_ReBuild.SC2Map,51561722,4,32x32,3,2,89384|Swarm(Camp)|Teams08(Mod),bc15ee5f60e550e0d5acb507661a35cc4150afcd5aa89722e5e88e0e6afa8f68,5,5
0.455,2019-11-14T13:43:33.000Z,Project_Bang_46_ReBuild.SC2Map,51568611,6889,32x32,3,2,89384|Swarm(Camp)|Teams08(Mod),bc15ee5f60e550e0d5acb507661a35cc4150afcd5aa89722e5e88e0e6afa8f68,5,5
0.456,2019-11-14T15:53:34.000Z,Project_Bang_46_ReBuild.SC2Map,51568078,-533,32x32,3,2,89384|Swarm(Camp)|Teams08(Mod),bc15ee5f60e550e0d5acb507661a35cc4150afcd5aa89722e5e88e0e6afa8f68,5,5
0.457,2019-11-18T14:15:08.000Z,Project_Bang_46_ReBuild.SC2Map,51575271,7193,32x32,3,2,89384|Swarm(Camp)|Teams08(Mod),033143921ef739025ba87792f554ab51a8ae19173b504edfa4f16cd3ff0e6445,5,5
0.458,2019-11-18T17:20:05.000Z,Project_Bang_46_ReBuild.SC2Map,51575120,-151,32x32,3,2,89384|Swarm(Camp)|Teams08(Mod),033143921ef739025ba87792f554ab51a8ae19173b504edfa4f16cd3ff0e6445,5,5
0.459,2019-11-19T15:38:36.000Z,Project_Bang_46_ReBuild.SC2Map,51575282,162,32x32,3,2,89384|Swarm(Camp)|Teams08(Mod),033143921ef739025ba87792f554ab51a8ae19173b504edfa4f16cd3ff0e6445,5,5
0.460,2019-11-21T13:41:18.000Z,Project_Bang_47_ReBuild.SC2Map,51580392,5110,32x32,3,2,89384|Swarm(Camp)|Teams08(Mod),b6a14462145b1e67f2457d5e13ab9e21d338f5336bd1a48febe374087e7579aa,5,5
0.461,2019-11-21T14:05:43.000Z,Project_Bang_47_ReBuild.SC2Map,51582595,2203,32x32,3,2,89384|Swarm(Camp)|Teams08(Mod),570ddb437efd6c6435bb7f14c70d04cd2ba1d85cbf327b7074884bf6777f3d56,5,5
0.462,2019-11-21T15:26:04.000Z,Project_Bang_47_ReBuild.SC2Map,51582974,379,32x32,3,2,89384|Swarm(Camp)|Teams08(Mod),570ddb437efd6c6435bb7f14c70d04cd2ba1d85cbf327b7074884bf6777f3d56,5,5
0.463,2019-11-30T09:54:42.000Z,Project_Bang_47_ReBuild.SC2Map,51619519,36545,32x32,3,2,89384|Swarm(Camp)|Teams08(Mod),570ddb437efd6c6435bb7f14c70d04cd2ba1d85cbf327b7074884bf6777f3d56,5,5
0.464,2019-12-17T12:45:30.000Z,Project_Bang_47_ReBuild.SC2Map,51621082,1563,32x32,3,2,89384|Swarm(Camp)|Teams08(Mod),cb1f7096aadcbc9eaab05cb6d23af4094d1f89f890058a6aa0b9aba31ccd0146,5,5
0.465,2020-01-06T14:14:29.000Z,Project_Bang_47_ReBuild.SC2Map,51623594,2512,32x32,3,2,89384|Swarm(Camp)|Teams08(Mod),cb1f7096aadcbc9eaab05cb6d23af4094d1f89f890058a6aa0b9aba31ccd0146,5,5
0.466,2020-01-12T12:33:26.000Z,Project_Bang_47_ReBuild.SC2Map,51623151,-443,32x32,3,2,89384|Swarm(Camp)|Teams08(Mod),cb1f7096aadcbc9eaab05cb6d23af4094d1f89f890058a6aa0b9aba31ccd0146,5,5
0.467,2020-02-07T12:54:32.000Z,Project_Bang_47_ReBuild.SC2Map,51625762,2611,32x32,2,2,89384|Swarm(Camp)|Teams08(Mod),d959f989e5c623858963ac2e23425b371fee005db2652924b1866c5c8b260ae3,5,5
0.468,2020-02-09T11:29:48.000Z,Project_Bang_47_ReBuild.SC2Map,51626002,240,32x32,2,2,89384|Swarm(Camp)|Teams08(Mod),d959f989e5c623858963ac2e23425b371fee005db2652924b1866c5c8b260ae3,5,5
0.469,2020-02-13T13:00:02.000Z,Project_Bang_47_ReBuild.SC2Map,51589861,-36141,32x32,2,2,89384|Swarm(Camp)|Teams08(Mod),d959f989e5c623858963ac2e23425b371fee005db2652924b1866c5c8b260ae3,5,5
0.470,2020-03-19T13:14:42.000Z,Project_Bang_47_ReBuild.SC2Map,51590659,798,32x32,2,2,89384|Swarm(Camp)|Teams08(Mod),d959f989e5c623858963ac2e23425b371fee005db2652924b1866c5c8b260ae3,5,5
0.471,2020-03-22T03:02:43.000Z,Project_Bang_47_ReBuild.SC2Map,51591344,685,32x32,2,2,89384|Swarm(Camp)|Teams08(Mod),d959f989e5c623858963ac2e23425b371fee005db2652924b1866c5c8b260ae3,5,5
0.472,2020-03-28T09:42:11.000Z,Project_Bang_47_ReBuild.SC2Map,51592450,1106,32x32,2,2,89384|Swarm(Camp)|Teams08(Mod),d959f989e5c623858963ac2e23425b371fee005db2652924b1866c5c8b260ae3,5,5
0.473,2020-04-13T11:03:15.000Z,Project_Bang_47_ReBuild.SC2Map,51594371,1921,32x32,2,2,89384|Swarm(Camp)|Teams08(Mod),d959f989e5c623858963ac2e23425b371fee005db2652924b1866c5c8b260ae3,5,5
0.474,2020-04-16T12:01:42.000Z,Project_Bang_47_ReBuild.SC2Map,51594369,-2,32x32,2,2,89384|Swarm(Camp)|Teams08(Mod),d959f989e5c623858963ac2e23425b371fee005db2652924b1866c5c8b260ae3,5,5
0.475,2020-05-17T12:20:00.000Z,Project_Bang_47_ReBuild.SC2Map,51597247,2878,32x32,2,2,89384|Swarm(Camp)|Teams08(Mod),d959f989e5c623858963ac2e23425b371fee005db2652924b1866c5c8b260ae3,5,5
0.476,2020-06-15T13:34:47.000Z,Project_Bang_47_ReBuild.SC2Map,51599253,2006,32x32,2,3,89384|Swarm(Camp)|Teams08(Mod),16ba235d2961622296433b287a9a5a8ee5a5e694e904e0e70c12f2633244b860,5,5
0.477,2020-06-15T13:53:17.000Z,Project_Bang_47_ReBuild.SC2Map,51599254,1,32x32,2,3,89384|Swarm(Camp)|Teams08(Mod),16ba235d2961622296433b287a9a5a8ee5a5e694e904e0e70c12f2633244b860,5,5
0.478,2020-06-28T15:04:11.000Z,Project_Bang_47_ReBuild.SC2Map,51598378,-876,32x32,2,3,89384|Swarm(Camp)|Teams08(Mod),16ba235d2961622296433b287a9a5a8ee5a5e694e904e0e70c12f2633244b860,5,5
0.479,2020-07-19T12:21:39.000Z,Project_Bang_47_ReBuild.SC2Map,51602483,4105,32x32,2,3,89384|Swarm(Camp)|Teams08(Mod),16ba235d2961622296433b287a9a5a8ee5a5e694e904e0e70c12f2633244b860,5,5
0.480,2020-07-20T14:24:40.000Z,Project_Bang_47_ReBuild.SC2Map,51603285,802,32x32,2,3,89384|Swarm(Camp)|Teams08(Mod),16ba235d2961622296433b287a9a5a8ee5a5e694e904e0e70c12f2633244b860,5,5
0.481,2020-07-20T14:45:33.000Z,Project_Bang_47_ReBuild.SC2Map,51603287,2,32x32,2,3,89384|Swarm(Camp)|Teams08(Mod),16ba235d2961622296433b287a9a5a8ee5a5e694e904e0e70c12f2633244b860,5,5
0.482,2020-09-06T12:17:01.000Z,Project_Bang_47_ReBuild.SC2Map,51605050,1763,32x32,2,4,89384|Swarm(Camp)|Teams08(Mod),89ae454395b94227b32aa1cea01ce9be4062ab13bfc43c89efbc3699845e46f5,5,5
0.483,2020-09-06T18:00:42.000Z,Project_Bang_47_ReBuild.SC2Map,51604824,-226,32x32,2,4,89384|Swarm(Camp)|Teams08(Mod),89ae454395b94227b32aa1cea01ce9be4062ab13bfc43c89efbc3699845e46f5,5,5
0.484,2020-09-28T13:48:06.000Z,Project_Bang_47_ReBuild.SC2Map,51605426,602,32x32,2,4,89384|Swarm(Camp)|Teams08(Mod),89ae454395b94227b32aa1cea01ce9be4062ab13bfc43c89efbc3699845e46f5,5,5
0.485,2020-11-15T10:42:52.000Z,Project_Bang_47_ReBuild.SC2Map,51606566,1140,32x32,2,4,89384|Swarm(Camp)|Teams08(Mod),89ae454395b94227b32aa1cea01ce9be4062ab13bfc43c89efbc3699845e46f5,5,5
0.486,2020-12-13T10:51:12.000Z,Project_Bang_47_ReBuild.SC2Map,51607960,1394,32x32,2,4,89384|Swarm(Camp)|Teams08(Mod),336b9013742d7c10e6882f810034b1ab26b38b356b8f11a3f1b998934b55a6b0,5,5
0.487,2021-01-07T12:41:46.000Z,Project_Bang_47_ReBuild.SC2Map,51606605,-1355,32x32,2,4,89384|Swarm(Camp)|Teams08(Mod),336b9013742d7c10e6882f810034b1ab26b38b356b8f11a3f1b998934b55a6b0,5,5
0.488,2021-01-07T13:52:40.000Z,Project_Bang_47_ReBuild.SC2Map,51606852,247,32x32,2,4,89384|Swarm(Camp)|Teams08(Mod),336b9013742d7c10e6882f810034b1ab26b38b356b8f11a3f1b998934b55a6b0,5,5
0.489,2021-01-12T11:39:09.000Z,Project_Bang_47_ReBuild.SC2Map,51606751,-101,32x32,2,4,89384|Swarm(Camp)|Teams08(Mod),336b9013742d7c10e6882f810034b1ab26b38b356b8f11a3f1b998934b55a6b0,5,5
0.490,2021-01-13T11:30:56.000Z,Project_Bang_47_ReBuild.SC2Map,51607241,490,32x32,2,4,89384|Swarm(Camp)|Teams08(Mod),336b9013742d7c10e6882f810034b1ab26b38b356b8f11a3f1b998934b55a6b0,5,5
0.491,2021-01-14T12:10:38.000Z,Project_Bang_47_ReBuild.SC2Map,51609690,2449,32x32,2,4,89384|Swarm(Camp)|Teams08(Mod),336b9013742d7c10e6882f810034b1ab26b38b356b8f11a3f1b998934b55a6b0,5,5
0.492,2021-01-17T07:28:06.000Z,Project_Bang_47_ReBuild.SC2Map,51609627,-63,32x32,2,4,89384|Swarm(Camp)|Teams08(Mod),336b9013742d7c10e6882f810034b1ab26b38b356b8f11a3f1b998934b55a6b0,5,5
0.493,2021-01-17T07:37:57.000Z,Project_Bang_47_ReBuild.SC2Map,51608736,-891,32x32,2,4,89384|Swarm(Camp)|Teams08(Mod),336b9013742d7c10e6882f810034b1ab26b38b356b8f11a3f1b998934b55a6b0,5,5
0.494,2021-04-19T13:13:10.000Z,Project_Bang_47_ReBuild.SC2Map,51610001,1265,32x32,2,4,89384|Swarm(Camp)|Teams08(Mod),336b9013742d7c10e6882f810034b1ab26b38b356b8f11a3f1b998934b55a6b0,5,5
0.495,2021-04-28T12:30:04.000Z,Project_Bang_47_ReBuild.SC2Map,51610153,152,32x32,2,4,89384|Swarm(Camp)|Teams08(Mod),336b9013742d7c10e6882f810034b1ab26b38b356b8f11a3f1b998934b55a6b0,5,5
0.496,2021-07-29T13:56:08.000Z,Project_Bang_47_ReBuild.SC2Map,51611348,1195,32x32,2,4,89384|Swarm(Camp)|Teams08(Mod),336b9013742d7c10e6882f810034b1ab26b38b356b8f11a3f1b998934b55a6b0,5,5
0.497,2021-07-29T16:36:11.000Z,Project_Bang_47_ReBuild.SC2Map,51611169,-179,32x32,2,4,89384|Swarm(Camp)|Teams08(Mod),336b9013742d7c10e6882f810034b1ab26b38b356b8f11a3f1b998934b55a6b0,5,5
0.498,2021-07-30T06:12:06.000Z,Project_Bang_47_ReBuild.SC2Map,51610710,-459,32x32,2,4,89384|Swarm(Camp)|Teams08(Mod),336b9013742d7c10e6882f810034b1ab26b38b356b8f11a3f1b998934b55a6b0,5,5
0.499,2021-08-01T02:54:45.000Z,Project_Bang_47_ReBuild.SC2Map,51611141,431,32x32,2,4,89384|Swarm(Camp)|Teams08(Mod),336b9013742d7c10e6882f810034b1ab26b38b356b8f11a3f1b998934b55a6b0,5,5
0.500,2021-08-01T06:43:18.000Z,Project_Bang_47_ReBuild.SC2Map,51611322,181,32x32,2,4,89384|Swarm(Camp)|Teams08(Mod),336b9013742d7c10e6882f810034b1ab26b38b356b8f11a3f1b998934b55a6b0,5,5
0.501,2021-08-01T06:46:52.000Z,Project_Bang_47_ReBuild.SC2Map,51611321,-1,32x32,2,4,89384|Swarm(Camp)|Teams08(Mod),336b9013742d7c10e6882f810034b1ab26b38b356b8f11a3f1b998934b55a6b0,5,5
0.502,2021-12-13T11:00:43.000Z,Project_Bang_47_ReBuild.SC2Map,51611592,271,32x32,2,4,89384|Swarm(Camp)|Teams08(Mod),336b9013742d7c10e6882f810034b1ab26b38b356b8f11a3f1b998934b55a6b0,5,5
0.503,2021-12-14T11:50:09.000Z,Project_Bang_47_ReBuild.SC2Map,51613755,2163,32x32,2,4,89384|Swarm(Camp)|Teams08(Mod),336b9013742d7c10e6882f810034b1ab26b38b356b8f11a3f1b998934b55a6b0,5,5
0.504,2021-12-16T11:06:25.000Z,Project_Bang_47_ReBuild.SC2Map,51619575,5820,32x32,2,4,89384|Swarm(Camp)|Teams08(Mod),7ecdab46d95adb1e2f24e4321d6cc79d5074949fa9b9eb50b9a2bdbbe60641b1,5,5
0.505,2021-12-16T11:40:40.000Z,Project_Bang_47_ReBuild.SC2Map,51620620,1045,32x32,2,4,89384|Swarm(Camp)|Teams08(Mod),7ecdab46d95adb1e2f24e4321d6cc79d5074949fa9b9eb50b9a2bdbbe60641b1,5,5
0.506,2021-12-16T13:07:53.000Z,Project_Bang_47_ReBuild.SC2Map,51623423,2803,32x32,2,4,89384|Swarm(Camp)|Teams08(Mod),7ecdab46d95adb1e2f24e4321d6cc79d5074949fa9b9eb50b9a2bdbbe60641b1,5,5
0.507,2021-12-19T08:20:54.000Z,Project_Bang_47_ReBuild.SC2Map,51623597,174,32x32,2,4,89384|Swarm(Camp)|Teams08(Mod),7ecdab46d95adb1e2f24e4321d6cc79d5074949fa9b9eb50b9a2bdbbe60641b1,5,5
0.508,2021-12-28T15:55:16.000Z,Project_Bang_47_ReBuild.SC2Map,51624097,500,32x32,2,4,89384|Swarm(Camp)|Teams08(Mod),7ecdab46d95adb1e2f24e4321d6cc79d5074949fa9b9eb50b9a2bdbbe60641b1,5,5
0.509,2022-01-06T12:07:10.000Z,Project_Bang_47_ReBuild.SC2Map,51623774,-323,32x32,2,4,89384|Swarm(Camp)|Teams08(Mod),7ecdab46d95adb1e2f24e4321d6cc79d5074949fa9b9eb50b9a2bdbbe60641b1,5,5
0.510,2022-01-27T09:47:12.000Z,Project_Bang_47_ReBuild.SC2Map,51624557,783,32x32,2,4,89384|Swarm(Camp)|Teams08(Mod),7ecdab46d95adb1e2f24e4321d6cc79d5074949fa9b9eb50b9a2bdbbe60641b1,5,5
0.511,2022-03-17T12:07:56.000Z,Project_Bang_47_ReBuild.SC2Map,51626013,1456,32x32,2,4,89384|Swarm(Camp)|Teams08(Mod),7ecdab46d95adb1e2f24e4321d6cc79d5074949fa9b9eb50b9a2bdbbe60641b1,5,5
0.512,2022-03-31T16:38:52.000Z,Project_Bang_47_ReBuild.SC2Map,51626322,309,32x32,2,4,89384|Swarm(Camp)|Teams08(Mod),7ecdab46d95adb1e2f24e4321d6cc79d5074949fa9b9eb50b9a2bdbbe60641b1,5,5
0.513,2022-05-09T15:19:06.000Z,Project_Bang_47_ReBuild.SC2Map,51628749,2427,32x32,2,4,89384|Swarm(Camp)|Teams08(Mod),85c4a8a9d4491a2ce1484cfaea3434c0da9744e7f6bb80d799c4195d29a60e4e,5,5
0.514,2022-06-12T11:51:29.000Z,Project_Bang_47_ReBuild.SC2Map,51628592,-157,32x32,2,4,89384|Swarm(Camp)|Teams08(Mod),85c4a8a9d4491a2ce1484cfaea3434c0da9744e7f6bb80d799c4195d29a60e4e,5,5
0.515,2022-06-20T13:42:11.000Z,Project_Bang_47_ReBuild.SC2Map,51629039,447,32x32,2,4,89384|Swarm(Camp)|Teams08(Mod),85c4a8a9d4491a2ce1484cfaea3434c0da9744e7f6bb80d799c4195d29a60e4e,5,5
0.516,2022-06-22T14:28:07.000Z,Project_Bang_47_ReBuild.SC2Map,51629420,381,32x32,2,4,89384|Swarm(Camp)|Teams08(Mod),85c4a8a9d4491a2ce1484cfaea3434c0da9744e7f6bb80d799c4195d29a60e4e,5,5
0.517,2022-07-25T12:43:24.000Z,Project_Bang_47_ReBuild.SC2Map,51630374,954,32x32,2,4,89384|Swarm(Camp)|Teams08(Mod),85c4a8a9d4491a2ce1484cfaea3434c0da9744e7f6bb80d799c4195d29a60e4e,5,5
0.518,2022-07-28T15:18:58.000Z,Project_Bang_47_ReBuild.SC2Map,51630257,-117,32x32,2,4,89384|Swarm(Camp)|Teams08(Mod),85c4a8a9d4491a2ce1484cfaea3434c0da9744e7f6bb80d799c4195d29a60e4e,5,5
0.519,2022-08-01T11:35:02.000Z,Project_Bang_47_ReBuild.SC2Map,51630127,-130,32x32,2,4,89384|Swarm(Camp)|Teams08(Mod),85c4a8a9d4491a2ce1484cfaea3434c0da9744e7f6bb80d799c4195d29a60e4e,5,5
0.520,2022-08-07T10:01:59.000Z,Project_Bang_47_ReBuild.SC2Map,51629368,-759,32x32,2,4,89384|Swarm(Camp)|Teams08(Mod),85c4a8a9d4491a2ce1484cfaea3434c0da9744e7f6bb80d799c4195d29a60e4e,5,5
0.521,2022-08-21T06:48:25.000Z,Project_Bang_47_ReBuild.SC2Map,51629700,332,32x32,2,4,89384|Swarm(Camp)|Teams08(Mod),85c4a8a9d4491a2ce1484cfaea3434c0da9744e7f6bb80d799c4195d29a60e4e,5,5
0.522,2022-09-03T08:44:31.000Z,Project_Bang_47_ReBuild.SC2Map,51630222,522,32x32,2,4,89384|Swarm(Camp)|Teams08(Mod),85c4a8a9d4491a2ce1484cfaea3434c0da9744e7f6bb80d799c4195d29a60e4e,5,5
0.523,2022-09-15T12:49:47.000Z,Project_Bang_47_ReBuild.SC2Map,51630210,-12,32x32,2,4,89384|Swarm(Camp)|Teams08(Mod),85c4a8a9d4491a2ce1484cfaea3434c0da9744e7f6bb80d799c4195d29a60e4e,5,5
0.524,2022-09-20T13:23:20.000Z,Project_Bang_47_ReBuild.SC2Map,51630990,780,32x32,2,4,89384|Swarm(Camp)|Teams08(Mod),85c4a8a9d4491a2ce1484cfaea3434c0da9744e7f6bb80d799c4195d29a60e4e,5,5
0.525,2022-10-10T09:47:24.000Z,Project_Bang_47_ReBuild.SC2Map,51630894,-96,32x32,2,4,89384|Swarm(Camp)|Teams08(Mod),85c4a8a9d4491a2ce1484cfaea3434c0da9744e7f6bb80d799c4195d29a60e4e,5,5
0.526,2023-02-13T14:34:25.000Z,Project_Bang_47_ReBuild.SC2Map,51631974,1080,32x32,2,4,89384|Swarm(Camp)|Teams08(Mod),85c4a8a9d4491a2ce1484cfaea3434c0da9744e7f6bb80d799c4195d29a60e4e,5,5
0.527,2023-02-21T13:33:25.000Z,Project_Bang_47_ReBuild.SC2Map,51632154,180,32x32,2,4,WTK_Movie_Talk|89384|Swarm(Camp)|Teams08(Mod),85c4a8a9d4491a2ce1484cfaea3434c0da9744e7f6bb80d799c4195d29a60e4e,5,5
0.528,2023-02-21T13:45:47.000Z,Project_Bang_47_ReBuild.SC2Map,51632353,199,32x32,2,4,WTK_Movie_Talk|89384|Swarm(Camp)|Teams08(Mod),85c4a8a9d4491a2ce1484cfaea3434c0da9744e7f6bb80d799c4195d29a60e4e,5,5
0.529,2023-02-21T15:34:52.000Z,Project_Bang_47_ReBuild.SC2Map,51632299,-54,32x32,2,4,WTK_Movie_Talk|89384|Swarm(Camp)|Teams08(Mod),85c4a8a9d4491a2ce1484cfaea3434c0da9744e7f6bb80d799c4195d29a60e4e,5,5
0.530,2023-02-21T15:47:46.000Z,Project_Bang_47_ReBuild.SC2Map,51632020,-279,32x32,2,4,WTK_Movie_Talk|89384|Swarm(Camp)|Teams08(Mod),85c4a8a9d4491a2ce1484cfaea3434c0da9744e7f6bb80d799c4195d29a60e4e,5,5
0.531,2023-02-22T13:03:34.000Z,Project_Bang_47_ReBuild.SC2Map,51630732,-1288,32x32,2,4,WTK_Movie_Talk|89384|Swarm(Camp)|Teams08(Mod),85c4a8a9d4491a2ce1484cfaea3434c0da9744e7f6bb80d799c4195d29a60e4e,5,5
0.532,2023-02-22T13:48:25.000Z,Project_Bang_47_ReBuild.SC2Map,51630733,1,32x32,2,4,WTK_Movie_Talk|89384|Swarm(Camp)|Teams08(Mod),85c4a8a9d4491a2ce1484cfaea3434c0da9744e7f6bb80d799c4195d29a60e4e,5,5
0.533,2023-02-22T15:18:22.000Z,Project_Bang_47_ReBuild.SC2Map,51630782,49,32x32,2,4,WTK_Movie_Talk|89384|Swarm(Camp)|Teams08(Mod),85c4a8a9d4491a2ce1484cfaea3434c0da9744e7f6bb80d799c4195d29a60e4e,5,5
0.534,2023-02-26T05:30:21.000Z,Project_Bang_47_ReBuild.SC2Map,51636206,5424,32x32,2,4,WTK_Movie_Talk|89384|Swarm(Camp)|Teams08(Mod),85c4a8a9d4491a2ce1484cfaea3434c0da9744e7f6bb80d799c4195d29a60e4e,5,5
0.535,2023-02-27T15:04:19.000Z,Project_Bang_47_ReBuild.SC2Map,51636816,610,32x32,2,4,WTK_Movie_Talk|89384|Swarm(Camp)|Teams08(Mod),85c4a8a9d4491a2ce1484cfaea3434c0da9744e7f6bb80d799c4195d29a60e4e,5,5
0.536,2023-04-05T11:56:51.000Z,Project_Bang_47_ReBuild.SC2Map,51635434,-1382,32x32,2,4,WTK_Movie_Talk|Swarm(Camp)|Teams08(Mod),85c4a8a9d4491a2ce1484cfaea3434c0da9744e7f6bb80d799c4195d29a60e4e,5,5
0.537,2023-07-18T05:31:03.000Z,Project_Bang_48_ReBuild.SC2Map,51638365,2931,32x32,2,4,WTK_BGM_A1|WTK_Movie_Talk|Swarm(Camp)|Teams08(Mod),85c4a8a9d4491a2ce1484cfaea3434c0da9744e7f6bb80d799c4195d29a60e4e,5,5
0.538,2023-07-27T11:08:06.000Z,Project_Bang_48_ReBuild.SC2Map,51638104,-261,32x32,2,4,WTK_BGM_A1|WTK_Movie_Talk|Swarm(Camp)|Teams08(Mod),85c4a8a9d4491a2ce1484cfaea3434c0da9744e7f6bb80d799c4195d29a60e4e,5,5
0.539,2023-07-30T05:34:15.000Z,Project_Bang_50_ReBuild.SC2Map,51638145,41,32x32,2,4,WTK_BGM_A1|WTK_Movie_Talk|Swarm(Camp)|Teams08(Mod),fd3e34d0f7208a6c85304b39b7b46bac227ca28524c4a06281c88e1af9436ffc,5,5
0.540,2023-08-03T11:41:26.000Z,Project_Bang_51_ReBuild.SC2Map,51073069,-565076,32x32,2,4,WTK_BGM_A1|WTK_Movie_Talk|Swarm(Camp)|Teams08(Mod),02cd0c349bd99973e227a55bf3c1c86c72a94f16872c7e4bbcb6314f80f1392b,5,5
0.541,2023-08-07T14:17:28.000Z,Project_Bang_52_ReBuild.SC2Map,51053274,-19795,32x32,2,4,WTK_BGM_A1|WTK_Movie_Talk|Swarm(Camp)|Teams08(Mod),02cd0c349bd99973e227a55bf3c1c86c72a94f16872c7e4bbcb6314f80f1392b,5,5
0.542,2023-08-07T15:48:21.000Z,Project_Bang_52_ReBuild.SC2Map,51053064,-210,32x32,2,4,WTK_BGM_A1|WTK_Movie_Talk|Swarm(Camp)|Teams08(Mod),02cd0c349bd99973e227a55bf3c1c86c72a94f16872c7e4bbcb6314f80f1392b,5,5
0.543,2023-08-07T17:15:02.000Z,Project_Bang_52_ReBuild.SC2Map,51052469,-595,32x32,2,4,WTK_BGM_A1|WTK_Movie_Talk|Swarm(Camp)|Teams08(Mod),02cd0c349bd99973e227a55bf3c1c86c72a94f16872c7e4bbcb6314f80f1392b,5,5
0.544,2023-08-08T12:27:25.000Z,Project_Bang_52_ReBuild.SC2Map,51055056,2587,32x32,2,4,WTK_BGM_A1|WTK_Movie_Talk|Swarm(Camp)|Teams08(Mod),02cd0c349bd99973e227a55bf3c1c86c72a94f16872c7e4bbcb6314f80f1392b,5,5
0.545,2023-08-08T13:10:16.000Z,Project_Bang_52_ReBuild.SC2Map,51055057,1,32x32,2,4,WTK_BGM_A1|WTK_Movie_Talk|Swarm(Camp)|Teams08(Mod),02cd0c349bd99973e227a55bf3c1c86c72a94f16872c7e4bbcb6314f80f1392b,5,5
0.546,2023-08-08T15:00:53.000Z,Project_Bang_52_ReBuild.SC2Map,51664641,609584,32x32,2,4,WTK_BGM_A1|WTK_Movie_Talk|Swarm(Camp)|Teams08(Mod),02cd0c349bd99973e227a55bf3c1c86c72a94f16872c7e4bbcb6314f80f1392b,5,5
0.547,2023-08-09T11:20:18.000Z,Project_Bang_52_ReBuild.SC2Map,51668211,3570,32x32,2,4,WTK_BGM_A1|WTK_Movie_Talk|Swarm(Camp)|Teams08(Mod),02cd0c349bd99973e227a55bf3c1c86c72a94f16872c7e4bbcb6314f80f1392b,5,5
0.548,2023-08-09T12:50:04.000Z,Project_Bang_52_ReBuild.SC2Map,51669379,1168,32x32,2,4,WTK_BGM_A1|WTK_Movie_Talk|Swarm(Camp)|Teams08(Mod),02cd0c349bd99973e227a55bf3c1c86c72a94f16872c7e4bbcb6314f80f1392b,5,5
0.549,2023-08-09T13:16:20.000Z,Project_Bang_52_ReBuild.SC2Map,51670183,804,32x32,2,4,WTK_BGM_A1|WTK_Movie_Talk|Swarm(Camp)|Teams08(Mod),02cd0c349bd99973e227a55bf3c1c86c72a94f16872c7e4bbcb6314f80f1392b,5,5
0.550,2023-08-09T15:51:31.000Z,Project_Bang_52_ReBuild.SC2Map,51671114,931,32x32,2,4,WTK_BGM_A1|WTK_Movie_Talk|Swarm(Camp)|Teams08(Mod),02cd0c349bd99973e227a55bf3c1c86c72a94f16872c7e4bbcb6314f80f1392b,5,5
0.551,2023-08-11T13:46:39.000Z,Project_Bang_52_ReBuild.SC2Map,51733458,62344,32x32,2,4,WTK_BGM_A1|WTK_Movie_Talk|Swarm(Camp)|Teams08(Mod),02cd0c349bd99973e227a55bf3c1c86c72a94f16872c7e4bbcb6314f80f1392b,5,5
0.552,2023-08-11T13:48:42.000Z,Project_Bang_52_ReBuild.SC2Map,51732821,-637,32x32,2,4,WTK_BGM_A1|WTK_Movie_Talk|Swarm(Camp)|Teams08(Mod),02cd0c349bd99973e227a55bf3c1c86c72a94f16872c7e4bbcb6314f80f1392b,5,5
0.553,2023-08-16T11:18:00.000Z,Project_Bang_52_ReBuild.SC2Map,51732815,-6,32x32,2,4,WTK_BGM_A1|WTK_Movie_Talk|Swarm(Camp)|Teams08(Mod),02cd0c349bd99973e227a55bf3c1c86c72a94f16872c7e4bbcb6314f80f1392b,5,5
0.554,2023-08-21T16:11:49.000Z,Project_Bang_52_ReBuild.SC2Map,51784862,52047,32x32,2,4,WTK_BGM_A1|WTK_Movie_Talk|Swarm(Camp)|Teams08(Mod),02cd0c349bd99973e227a55bf3c1c86c72a94f16872c7e4bbcb6314f80f1392b,5,5
0.555,2023-08-28T12:54:35.000Z,Project_Bang_52_ReBuild.SC2Map,51911430,126568,32x32,2,4,WTK_BGM_A1|WTK_Movie_Talk|Swarm(Camp)|Teams08(Mod),02cd0c349bd99973e227a55bf3c1c86c72a94f16872c7e4bbcb6314f80f1392b,5,5
0.556,2023-08-28T14:56:01.000Z,Project_Bang_52_ReBuild.SC2Map,51911554,124,32x32,2,4,WTK_BGM_A1|WTK_Movie_Talk|Swarm(Camp)|Teams08(Mod),02cd0c349bd99973e227a55bf3c1c86c72a94f16872c7e4bbcb6314f80f1392b,5,5
0.557,2023-08-29T16:08:17.000Z,Project_Bang_52_ReBuild.SC2Map,51920307,8753,32x32,2,4,WTK_BGM_A1|WTK_Movie_Talk|Swarm(Camp)|Teams08(Mod),02cd0c349bd99973e227a55bf3c1c86c72a94f16872c7e4bbcb6314f80f1392b,5,5
0.558,2023-08-30T11:00:20.000Z,Project_Bang_53_ReBuild.SC2Map,52322684,402377,32x32,2,4,WTK_BGM_A1|WTK_Movie_Talk|Swarm(Camp)|Teams08(Mod),02cd0c349bd99973e227a55bf3c1c86c72a94f16872c7e4bbcb6314f80f1392b,5,5
0.559,2023-08-30T11:31:52.000Z,Project_Bang_53_ReBuild.SC2Map,52322681,-3,32x32,2,4,WTK_BGM_A1|WTK_Movie_Talk|Swarm(Camp)|Teams08(Mod),02cd0c349bd99973e227a55bf3c1c86c72a94f16872c7e4bbcb6314f80f1392b,5,5
0.560,2023-08-30T11:38:38.000Z,Project_Bang_53_ReBuild.SC2Map,52322686,5,32x32,2,4,WTK_BGM_A1|WTK_Movie_Talk|Swarm(Camp)|Teams08(Mod),02cd0c349bd99973e227a55bf3c1c86c72a94f16872c7e4bbcb6314f80f1392b,5,5
0.561,2023-08-30T12:58:38.000Z,Project_Bang_53_ReBuild.SC2Map,52324187,1501,32x32,2,4,WTK_BGM_A1|WTK_Movie_Talk|Swarm(Camp)|Teams08(Mod),02cd0c349bd99973e227a55bf3c1c86c72a94f16872c7e4bbcb6314f80f1392b,5,5
0.562,2023-08-30T13:10:40.000Z,Project_Bang_53_ReBuild.SC2Map,52324992,805,32x32,2,4,WTK_BGM_A1|WTK_Movie_Talk|Swarm(Camp)|Teams08(Mod),02cd0c349bd99973e227a55bf3c1c86c72a94f16872c7e4bbcb6314f80f1392b,5,5
0.563,2023-08-30T13:15:12.000Z,Project_Bang_53_ReBuild.SC2Map,52324989,-3,32x32,2,4,WTK_BGM_A1|WTK_Movie_Talk|Swarm(Camp)|Teams08(Mod),02cd0c349bd99973e227a55bf3c1c86c72a94f16872c7e4bbcb6314f80f1392b,5,5
0.564,2023-08-31T12:11:50.000Z,Project_Bang_53_ReBuild.SC2Map,52409273,84284,32x32,2,4,WTK_BGM_A1|WTK_Movie_Talk|Swarm(Camp)|Teams08(Mod),02cd0c349bd99973e227a55bf3c1c86c72a94f16872c7e4bbcb6314f80f1392b,5,5
0.565,2023-09-03T08:36:30.000Z,Project_Bang_53_ReBuild.SC2Map,52412651,3378,32x32,2,4,WTK_BGM_A1|WTK_Movie_Talk|Swarm(Camp)|Teams08(Mod),02cd0c349bd99973e227a55bf3c1c86c72a94f16872c7e4bbcb6314f80f1392b,5,5
0.566,2023-09-04T14:32:13.000Z,Project_Bang_53_ReBuild.SC2Map,52412621,-30,32x32,2,4,WTK_BGM_A1|WTK_Movie_Talk|Swarm(Camp)|Teams08(Mod),02cd0c349bd99973e227a55bf3c1c86c72a94f16872c7e4bbcb6314f80f1392b,5,5
0.567,2024-08-29T10:43:23.000Z,Project_Bang_53_ReBuild.SC2Map,52245367,-167254,32x32,2,4,WTK_BGM_A1|WTK_Movie_Talk|Swarm(Camp)|Teams08(Mod),02cd0c349bd99973e227a55bf3c1c86c72a94f16872c7e4bbcb6314f80f1392b,5,5
0.568,2024-08-29T10:49:54.000Z,Project_Bang_53_ReBuild.SC2Map,52245613,246,32x32,2,4,WTK_BGM_A1|WTK_Movie_Talk|Swarm(Camp)|Teams08(Mod),02cd0c349bd99973e227a55bf3c1c86c72a94f16872c7e4bbcb6314f80f1392b,5,5
0.569,2024-10-14T11:49:08.000Z,Project_Bang_53_ReBuild.SC2Map,52245814,201,32x32,2,4,WTK_BGM_A1|WTK_Movie_Talk|Swarm(Camp)|Teams08(Mod),02cd0c349bd99973e227a55bf3c1c86c72a94f16872c7e4bbcb6314f80f1392b,5,5
0.570,2024-10-24T11:13:37.000Z,Project_Bang_53_ReBuild.SC2Map,52245906,92,32x32,2,4,WTK_BGM_A1|WTK_Movie_Talk|Swarm(Camp)|Teams08(Mod),02cd0c349bd99973e227a55bf3c1c86c72a94f16872c7e4bbcb6314f80f1392b,5,5
0.571,2025-01-29T10:14:03.000Z,Project_Bang_53_ReBuild.SC2Map,52246783,877,32x32,2,4,WTK_BGM_A1|WTK_Movie_Talk|Swarm(Camp)|Teams08(Mod),02cd0c349bd99973e227a55bf3c1c86c72a94f16872c7e4bbcb6314f80f1392b,5,5
0.572,2025-01-30T05:40:45.000Z,Project_Bang_53_ReBuild.SC2Map,52246885,102,32x32,2,4,WTK_BGM_A1|WTK_Movie_Talk|Swarm(Camp)|Teams08(Mod),02cd0c349bd99973e227a55bf3c1c86c72a94f16872c7e4bbcb6314f80f1392b,5,5
